:START_ID,:END_ID,score:DOUBLE,:TYPE
6000,24,0.023890,SCORE
6000,190,0.009720,SCORE
6000,1838,0.007486,SCORE
6000,175,0.007434,SCORE
6000,172,0.007063,SCORE
6000,6,0.006343,SCORE
6000,275,0.006011,SCORE
6000,878,0.005960,SCORE
6000,3384,0.005804,SCORE
6000,854,0.005610,SCORE
6000,155,0.005598,SCORE
6000,161,0.004453,SCORE
6000,659,0.004280,SCORE
6000,26,0.004122,SCORE
6000,137,0.003958,SCORE
6000,4142,0.003747,SCORE
6000,796,0.003494,SCORE
6000,261,0.003396,SCORE
6000,3851,0.003293,SCORE
6000,817,0.003211,SCORE
6000,143,0.003200,SCORE
6000,38,0.003181,SCORE
6000,126,0.003171,SCORE
6000,763,0.003154,SCORE
6000,747,0.003126,SCORE
6000,1594,0.003026,SCORE
6000,428,0.002972,SCORE
6000,117,0.002932,SCORE
6000,1369,0.002924,SCORE
6000,8344,0.002888,SCORE
6001,11317,0.022910,SCORE
6001,4163,0.018853,SCORE
6001,384,0.017794,SCORE
6001,2831,0.013413,SCORE
6001,162,0.012472,SCORE
6001,275,0.011667,SCORE
6001,746,0.011443,SCORE
6001,21144,0.009252,SCORE
6001,126,0.008803,SCORE
6001,1104,0.008556,SCORE
6001,13,0.008249,SCORE
6001,24,0.007896,SCORE
6001,52206,0.006866,SCORE
6001,977,0.006736,SCORE
6001,11527,0.006627,SCORE
6001,2084,0.006336,SCORE
6001,1462,0.005988,SCORE
6001,3203,0.005710,SCORE
6001,38,0.005372,SCORE
6001,1248,0.005328,SCORE
6001,108,0.005252,SCORE
6001,14360,0.005219,SCORE
6001,2521,0.005117,SCORE
6001,11238,0.004947,SCORE
6001,28063,0.004701,SCORE
6001,13329,0.004451,SCORE
6001,839,0.004437,SCORE
6001,817,0.004009,SCORE
6001,7428,0.003982,SCORE
6001,5547,0.003932,SCORE
6002,24,0.030884,SCORE
6002,978,0.020534,SCORE
6002,4575,0.020144,SCORE
6002,2789,0.018461,SCORE
6002,275,0.016799,SCORE
6002,126,0.013272,SCORE
6002,38,0.013010,SCORE
6002,4247,0.007542,SCORE
6002,6238,0.007292,SCORE
6002,429,0.007147,SCORE
6002,143,0.006953,SCORE
6002,746,0.006935,SCORE
6002,1734,0.006850,SCORE
6002,13564,0.006788,SCORE
6002,884,0.006759,SCORE
6002,11146,0.006542,SCORE
6002,12128,0.006533,SCORE
6002,175,0.006249,SCORE
6002,16869,0.005804,SCORE
6002,73,0.005605,SCORE
6002,261,0.005572,SCORE
6002,1502,0.005517,SCORE
6002,7069,0.005238,SCORE
6002,8718,0.004444,SCORE
6002,74,0.004434,SCORE
6002,1838,0.004136,SCORE
6002,532,0.003928,SCORE
6002,10031,0.003902,SCORE
6002,817,0.003896,SCORE
6002,5859,0.003688,SCORE
6003,1163,0.014328,SCORE
6003,856,0.009304,SCORE
6003,691,0.008477,SCORE
6003,385,0.008470,SCORE
6003,944,0.007838,SCORE
6003,2029,0.007741,SCORE
6003,834,0.006558,SCORE
6003,24,0.006395,SCORE
6003,1462,0.006306,SCORE
6003,2361,0.005979,SCORE
6003,659,0.005921,SCORE
6003,836,0.005802,SCORE
6003,1132,0.005744,SCORE
6003,2818,0.004964,SCORE
6003,849,0.004556,SCORE
6003,4450,0.004412,SCORE
6003,2817,0.004387,SCORE
6003,143,0.004357,SCORE
6003,448,0.004191,SCORE
6003,844,0.003934,SCORE
6003,1138,0.003914,SCORE
6003,507,0.003632,SCORE
6003,1367,0.003580,SCORE
6003,211,0.003574,SCORE
6003,910,0.003570,SCORE
6003,2690,0.003538,SCORE
6003,677,0.003480,SCORE
6003,1435,0.003454,SCORE
6003,1027,0.003392,SCORE
6003,646,0.003256,SCORE
6004,24,0.014020,SCORE
6004,2426,0.012706,SCORE
6004,8635,0.010907,SCORE
6004,33664,0.009702,SCORE
6004,1071,0.007534,SCORE
6004,6489,0.007094,SCORE
6004,29509,0.005619,SCORE
6004,275,0.005617,SCORE
6004,2155,0.005383,SCORE
6004,161,0.004289,SCORE
6004,38,0.004201,SCORE
6004,175,0.003816,SCORE
6004,448,0.003569,SCORE
6004,126,0.003516,SCORE
6004,261,0.003493,SCORE
6004,746,0.003366,SCORE
6004,959,0.003309,SCORE
6004,143,0.003276,SCORE
6004,1060,0.003219,SCORE
6004,73,0.003205,SCORE
6004,960,0.003152,SCORE
6004,7772,0.003070,SCORE
6004,2855,0.002927,SCORE
6004,12374,0.002826,SCORE
6004,13418,0.002724,SCORE
6004,6424,0.002703,SCORE
6004,117,0.002581,SCORE
6004,408,0.002455,SCORE
6004,163,0.002396,SCORE
6004,416,0.002365,SCORE
6005,7740,0.022997,SCORE
6005,3557,0.022275,SCORE
6005,7225,0.021370,SCORE
6005,4089,0.015805,SCORE
6005,4088,0.015423,SCORE
6005,17524,0.014374,SCORE
6005,24,0.012733,SCORE
6005,448,0.010425,SCORE
6005,7731,0.009390,SCORE
6005,1476,0.009125,SCORE
6005,275,0.007578,SCORE
6005,3224,0.006867,SCORE
6005,38,0.006355,SCORE
6005,4719,0.006318,SCORE
6005,1787,0.006223,SCORE
6005,8068,0.006036,SCORE
6005,16975,0.005866,SCORE
6005,7048,0.004865,SCORE
6005,126,0.004809,SCORE
6005,36326,0.004685,SCORE
6005,33210,0.004663,SCORE
6005,685,0.004172,SCORE
6005,12943,0.004139,SCORE
6005,2426,0.004061,SCORE
6005,30,0.003812,SCORE
6005,21850,0.003496,SCORE
6005,261,0.003340,SCORE
6005,120,0.003336,SCORE
6005,33,0.003299,SCORE
6005,34,0.003127,SCORE
6006,3066,0.023993,SCORE
6006,532,0.011578,SCORE
6006,24,0.011290,SCORE
6006,511,0.010134,SCORE
6006,10801,0.009909,SCORE
6006,38,0.009542,SCORE
6006,34,0.007364,SCORE
6006,275,0.007218,SCORE
6006,175,0.006992,SCORE
6006,33,0.006720,SCORE
6006,5954,0.006544,SCORE
6006,839,0.005805,SCORE
6006,261,0.005475,SCORE
6006,117,0.005310,SCORE
6006,796,0.005300,SCORE
6006,84,0.004850,SCORE
6006,448,0.004847,SCORE
6006,161,0.004439,SCORE
6006,538,0.004087,SCORE
6006,308,0.004059,SCORE
6006,184,0.004028,SCORE
6006,126,0.003843,SCORE
6006,4625,0.003619,SCORE
6006,8,0.003617,SCORE
6006,30,0.003218,SCORE
6006,685,0.003134,SCORE
6006,13212,0.003025,SCORE
6006,522,0.002965,SCORE
6006,15551,0.002846,SCORE
6006,135,0.002814,SCORE
6007,1026,0.043092,SCORE
6007,57272,0.041959,SCORE
6007,275,0.026444,SCORE
6007,3691,0.018182,SCORE
6007,143,0.014221,SCORE
6007,64,0.012660,SCORE
6007,15,0.011614,SCORE
6007,4004,0.011166,SCORE
6007,37563,0.010851,SCORE
6007,977,0.010404,SCORE
6007,1929,0.010400,SCORE
6007,4591,0.010108,SCORE
6007,16954,0.010102,SCORE
6007,49944,0.010101,SCORE
6007,5534,0.009574,SCORE
6007,3329,0.009508,SCORE
6007,22471,0.008600,SCORE
6007,741,0.008349,SCORE
6007,208,0.007954,SCORE
6007,6952,0.007694,SCORE
6007,836,0.007349,SCORE
6007,5927,0.007001,SCORE
6007,12995,0.006998,SCORE
6007,8508,0.006996,SCORE
6007,3690,0.006993,SCORE
6007,66325,0.006993,SCORE
6007,24,0.006520,SCORE
6007,1570,0.006392,SCORE
6007,685,0.005717,SCORE
6007,7823,0.005381,SCORE
6008,24,0.012921,SCORE
6008,2164,0.010186,SCORE
6008,1163,0.007184,SCORE
6008,260,0.006430,SCORE
6008,653,0.006215,SCORE
6008,856,0.005477,SCORE
6008,691,0.005232,SCORE
6008,8517,0.004937,SCORE
6008,5433,0.004756,SCORE
6008,834,0.004725,SCORE
6008,275,0.004412,SCORE
6008,849,0.004333,SCORE
6008,507,0.004320,SCORE
6008,4142,0.004260,SCORE
6008,836,0.004173,SCORE
6008,1132,0.004136,SCORE
6008,448,0.004054,SCORE
6008,95,0.004022,SCORE
6008,7492,0.003932,SCORE
6008,709,0.003874,SCORE
6008,178,0.003810,SCORE
6008,211,0.003810,SCORE
6008,1010,0.003510,SCORE
6008,944,0.003296,SCORE
6008,1462,0.003126,SCORE
6008,7867,0.002993,SCORE
6008,2001,0.002929,SCORE
6008,385,0.002849,SCORE
6008,1051,0.002801,SCORE
6008,884,0.002788,SCORE
6009,481,0.062262,SCORE
6009,24,0.030454,SCORE
6009,261,0.015792,SCORE
6009,659,0.012951,SCORE
6009,1572,0.010792,SCORE
6009,2187,0.010513,SCORE
6009,190,0.009154,SCORE
6009,9287,0.006863,SCORE
6009,747,0.006421,SCORE
6009,9191,0.006127,SCORE
6009,3117,0.005743,SCORE
6009,428,0.005651,SCORE
6009,470,0.005620,SCORE
6009,438,0.005380,SCORE
6009,26,0.005353,SCORE
6009,385,0.005248,SCORE
6009,3698,0.005180,SCORE
6009,161,0.005041,SCORE
6009,1490,0.004699,SCORE
6009,248,0.004652,SCORE
6009,324,0.004528,SCORE
6009,126,0.004203,SCORE
6009,40,0.004132,SCORE
6009,175,0.004121,SCORE
6009,313,0.004110,SCORE
6009,2530,0.004082,SCORE
6009,1568,0.004031,SCORE
6009,275,0.004010,SCORE
6009,3851,0.003891,SCORE
6009,38,0.003806,SCORE
6010,24,0.022481,SCORE
6010,511,0.019391,SCORE
6010,275,0.016048,SCORE
6010,175,0.015647,SCORE
6010,796,0.011592,SCORE
6010,117,0.011498,SCORE
6010,313,0.008625,SCORE
6010,126,0.008563,SCORE
6010,38,0.007627,SCORE
6010,488,0.006160,SCORE
6010,261,0.004666,SCORE
6010,839,0.004260,SCORE
6010,141,0.003865,SCORE
6010,746,0.003698,SCORE
6010,2,0.003687,SCORE
6010,773,0.003627,SCORE
6010,408,0.003623,SCORE
6010,1575,0.003582,SCORE
6010,143,0.003485,SCORE
6010,747,0.003364,SCORE
6010,1422,0.003317,SCORE
6010,448,0.003237,SCORE
6010,2046,0.003181,SCORE
6010,518,0.003005,SCORE
6010,14839,0.002973,SCORE
6010,470,0.002969,SCORE
6010,15,0.002914,SCORE
6010,709,0.002758,SCORE
6010,73,0.002745,SCORE
6010,977,0.002613,SCORE
6011,1066,0.007482,SCORE
6011,175,0.007460,SCORE
6011,1267,0.007280,SCORE
6011,310,0.005593,SCORE
6011,2517,0.005306,SCORE
6011,172,0.005064,SCORE
6011,3962,0.004986,SCORE
6011,249,0.004681,SCORE
6011,592,0.004648,SCORE
6011,311,0.004606,SCORE
6011,4281,0.004386,SCORE
6011,161,0.004353,SCORE
6011,931,0.004240,SCORE
6011,1838,0.004201,SCORE
6011,275,0.004130,SCORE
6011,518,0.004056,SCORE
6011,10758,0.003980,SCORE
6011,7150,0.003955,SCORE
6011,24,0.003778,SCORE
6011,261,0.003717,SCORE
6011,3440,0.003612,SCORE
6011,2507,0.003516,SCORE
6011,26718,0.003460,SCORE
6011,11214,0.003383,SCORE
6011,1195,0.003178,SCORE
6011,6768,0.003084,SCORE
6011,8208,0.003071,SCORE
6011,84,0.003014,SCORE
6011,538,0.002886,SCORE
6011,143,0.002874,SCORE
6012,24,0.009249,SCORE
6012,6768,0.008056,SCORE
6012,275,0.005383,SCORE
6012,261,0.005175,SCORE
6012,175,0.005056,SCORE
6012,143,0.005056,SCORE
6012,161,0.004982,SCORE
6012,7150,0.004738,SCORE
6012,308,0.004486,SCORE
6012,9123,0.004469,SCORE
6012,592,0.004309,SCORE
6012,448,0.003815,SCORE
6012,596,0.003573,SCORE
6012,8493,0.003415,SCORE
6012,84,0.003244,SCORE
6012,747,0.003225,SCORE
6012,26,0.003070,SCORE
6012,659,0.003053,SCORE
6012,117,0.003010,SCORE
6012,6027,0.002890,SCORE
6012,849,0.002862,SCORE
6012,5818,0.002853,SCORE
6012,1267,0.002806,SCORE
6012,4448,0.002639,SCORE
6012,449,0.002436,SCORE
6012,5826,0.002425,SCORE
6012,38,0.002380,SCORE
6012,190,0.002376,SCORE
6012,3573,0.002349,SCORE
6012,126,0.002293,SCORE
6013,24,0.033634,SCORE
6013,854,0.030797,SCORE
6013,986,0.010369,SCORE
6013,1575,0.009525,SCORE
6013,275,0.009091,SCORE
6013,137,0.007487,SCORE
6013,950,0.007403,SCORE
6013,175,0.007202,SCORE
6013,3384,0.007176,SCORE
6013,314,0.006312,SCORE
6013,709,0.006308,SCORE
6013,84,0.005888,SCORE
6013,381,0.005476,SCORE
6013,3241,0.005245,SCORE
6013,756,0.005188,SCORE
6013,3982,0.004398,SCORE
6013,6799,0.004323,SCORE
6013,659,0.003846,SCORE
6013,4033,0.003603,SCORE
6013,6,0.003427,SCORE
6013,143,0.003263,SCORE
6013,26,0.003138,SCORE
6013,411,0.003117,SCORE
6013,268,0.003092,SCORE
6013,261,0.003009,SCORE
6013,747,0.002865,SCORE
6013,117,0.002831,SCORE
6013,1040,0.002684,SCORE
6013,3983,0.002654,SCORE
6013,604,0.002626,SCORE
6014,3128,0.020738,SCORE
6014,24,0.015100,SCORE
6014,448,0.010127,SCORE
6014,2153,0.008757,SCORE
6014,84,0.006495,SCORE
6014,1156,0.006230,SCORE
6014,2185,0.005662,SCORE
6014,449,0.005125,SCORE
6014,275,0.005036,SCORE
6014,3700,0.005007,SCORE
6014,1155,0.004871,SCORE
6014,4807,0.004702,SCORE
6014,8588,0.004684,SCORE
6014,1010,0.004650,SCORE
6014,184,0.004618,SCORE
6014,28549,0.004124,SCORE
6014,3303,0.003674,SCORE
6014,576,0.003640,SCORE
6014,11395,0.003612,SCORE
6014,119,0.003171,SCORE
6014,261,0.003097,SCORE
6014,137,0.003082,SCORE
6014,163,0.003026,SCORE
6014,617,0.003001,SCORE
6014,308,0.002943,SCORE
6014,126,0.002931,SCORE
6014,12108,0.002918,SCORE
6014,958,0.002876,SCORE
6014,175,0.002852,SCORE
6014,5040,0.002838,SCORE
6015,1801,0.010288,SCORE
6015,610,0.008327,SCORE
6015,1941,0.007022,SCORE
6015,224,0.006762,SCORE
6015,175,0.006648,SCORE
6015,154,0.006342,SCORE
6015,517,0.005114,SCORE
6015,261,0.004915,SCORE
6015,807,0.004785,SCORE
6015,2717,0.003954,SCORE
6015,33,0.003457,SCORE
6015,2855,0.003442,SCORE
6015,34,0.003289,SCORE
6015,849,0.003160,SCORE
6015,6793,0.003129,SCORE
6015,208,0.002282,SCORE
6015,1953,0.002236,SCORE
6015,379,0.002091,SCORE
6015,584,0.001961,SCORE
6015,360,0.001954,SCORE
6015,26,0.001946,SCORE
6015,1039,0.001946,SCORE
6015,414,0.001900,SCORE
6015,796,0.001900,SCORE
6015,1108,0.001878,SCORE
6015,12857,0.001816,SCORE
6015,2119,0.001801,SCORE
6015,10484,0.001786,SCORE
6015,2168,0.001771,SCORE
6015,511,0.001702,SCORE
6016,147,0.020439,SCORE
6016,24,0.013500,SCORE
6016,6814,0.011770,SCORE
6016,4636,0.010004,SCORE
6016,3337,0.009702,SCORE
6016,16226,0.009485,SCORE
6016,1252,0.007909,SCORE
6016,184,0.007883,SCORE
6016,2855,0.007276,SCORE
6016,313,0.006919,SCORE
6016,137,0.006335,SCORE
6016,1317,0.005113,SCORE
6016,275,0.004474,SCORE
6016,4645,0.004452,SCORE
6016,148,0.004448,SCORE
6016,12000,0.004217,SCORE
6016,175,0.004110,SCORE
6016,12001,0.004080,SCORE
6016,1323,0.003851,SCORE
6016,449,0.003807,SCORE
6016,308,0.003489,SCORE
6016,143,0.003371,SCORE
6016,1377,0.003242,SCORE
6016,381,0.003169,SCORE
6016,1607,0.003066,SCORE
6016,438,0.002994,SCORE
6016,4228,0.002843,SCORE
6016,161,0.002751,SCORE
6016,261,0.002749,SCORE
6016,448,0.002648,SCORE
6017,24,0.012667,SCORE
6017,38,0.008570,SCORE
6017,143,0.007293,SCORE
6017,261,0.007216,SCORE
6017,2817,0.006863,SCORE
6017,275,0.005789,SCORE
6017,126,0.005713,SCORE
6017,33,0.005357,SCORE
6017,34,0.005144,SCORE
6017,117,0.004552,SCORE
6017,30,0.004440,SCORE
6017,746,0.004438,SCORE
6017,241,0.004403,SCORE
6017,1617,0.004250,SCORE
6017,161,0.004045,SCORE
6017,532,0.003988,SCORE
6017,175,0.003704,SCORE
6017,268,0.003514,SCORE
6017,13,0.003464,SCORE
6017,468,0.003423,SCORE
6017,73,0.003375,SCORE
6017,3203,0.003211,SCORE
6017,18011,0.003206,SCORE
6017,7880,0.003110,SCORE
6017,311,0.002919,SCORE
6017,26,0.002857,SCORE
6017,448,0.002665,SCORE
6017,74,0.002628,SCORE
6017,538,0.002489,SCORE
6017,981,0.002487,SCORE
6018,24,0.014725,SCORE
6018,448,0.007527,SCORE
6018,1267,0.006824,SCORE
6018,120,0.005622,SCORE
6018,502,0.005132,SCORE
6018,275,0.005048,SCORE
6018,175,0.005041,SCORE
6018,103,0.004627,SCORE
6018,5380,0.004035,SCORE
6018,5379,0.003929,SCORE
6018,839,0.003925,SCORE
6018,143,0.003799,SCORE
6018,258,0.003725,SCORE
6018,163,0.003668,SCORE
6018,261,0.003456,SCORE
6018,184,0.003287,SCORE
6018,38,0.003100,SCORE
6018,161,0.003035,SCORE
6018,1935,0.002914,SCORE
6018,2282,0.002873,SCORE
6018,1064,0.002838,SCORE
6018,2855,0.002790,SCORE
6018,1963,0.002767,SCORE
6018,233,0.002766,SCORE
6018,251,0.002722,SCORE
6018,117,0.002692,SCORE
6018,84,0.002515,SCORE
6018,126,0.002456,SCORE
6018,453,0.002406,SCORE
6018,521,0.002385,SCORE
6019,741,0.057464,SCORE
6019,64,0.022707,SCORE
6019,2979,0.020650,SCORE
6019,3851,0.017252,SCORE
6019,261,0.015983,SCORE
6019,839,0.014906,SCORE
6019,208,0.010985,SCORE
6019,2713,0.010541,SCORE
6019,2187,0.008409,SCORE
6019,6957,0.007666,SCORE
6019,24,0.006725,SCORE
6019,12643,0.006363,SCORE
6019,1949,0.006113,SCORE
6019,1853,0.005802,SCORE
6019,339,0.005283,SCORE
6019,4573,0.005188,SCORE
6019,14502,0.005144,SCORE
6019,4834,0.005144,SCORE
6019,2885,0.005138,SCORE
6019,67629,0.005134,SCORE
6019,9926,0.005077,SCORE
6019,1004,0.004591,SCORE
6019,4718,0.004586,SCORE
6019,1076,0.003832,SCORE
6019,73,0.003689,SCORE
6019,175,0.003578,SCORE
6019,2394,0.003527,SCORE
6019,746,0.003485,SCORE
6019,724,0.003412,SCORE
6019,74,0.003369,SCORE
6020,16233,0.019491,SCORE
6020,163,0.016159,SCORE
6020,2855,0.009210,SCORE
6020,24,0.008621,SCORE
6020,233,0.007571,SCORE
6020,1877,0.007519,SCORE
6020,232,0.006419,SCORE
6020,1029,0.006177,SCORE
6020,1915,0.006169,SCORE
6020,1267,0.005705,SCORE
6020,184,0.005702,SCORE
6020,1963,0.005677,SCORE
6020,447,0.005036,SCORE
6020,448,0.004922,SCORE
6020,9539,0.004796,SCORE
6020,619,0.004771,SCORE
6020,360,0.004664,SCORE
6020,175,0.004433,SCORE
6020,120,0.004322,SCORE
6020,4683,0.003959,SCORE
6020,161,0.003941,SCORE
6020,820,0.003677,SCORE
6020,405,0.003619,SCORE
6020,4919,0.003585,SCORE
6020,521,0.003541,SCORE
6020,509,0.003493,SCORE
6020,449,0.003333,SCORE
6020,261,0.003296,SCORE
6020,3313,0.003199,SCORE
6020,275,0.003137,SCORE
6021,3851,0.020902,SCORE
6021,414,0.016991,SCORE
6021,746,0.009864,SCORE
6021,2187,0.009848,SCORE
6021,161,0.007774,SCORE
6021,38,0.007749,SCORE
6021,261,0.006812,SCORE
6021,659,0.006795,SCORE
6021,26,0.005240,SCORE
6021,8296,0.004742,SCORE
6021,175,0.004736,SCORE
6021,248,0.004574,SCORE
6021,1801,0.004533,SCORE
6021,1941,0.004421,SCORE
6021,453,0.004400,SCORE
6021,30,0.004399,SCORE
6021,2,0.004212,SCORE
6021,1545,0.004158,SCORE
6021,610,0.003718,SCORE
6021,25013,0.003341,SCORE
6021,1006,0.003252,SCORE
6021,224,0.003214,SCORE
6021,908,0.003009,SCORE
6021,6793,0.002977,SCORE
6021,208,0.002927,SCORE
6021,532,0.002902,SCORE
6021,154,0.002867,SCORE
6021,350,0.002690,SCORE
6021,517,0.002677,SCORE
6021,817,0.002581,SCORE
6022,175,0.033643,SCORE
6022,796,0.019739,SCORE
6022,117,0.019097,SCORE
6022,24,0.012511,SCORE
6022,275,0.008936,SCORE
6022,511,0.008175,SCORE
6022,360,0.005996,SCORE
6022,518,0.005323,SCORE
6022,141,0.005235,SCORE
6022,448,0.004472,SCORE
6022,16636,0.004393,SCORE
6022,38,0.004350,SCORE
6022,73,0.004178,SCORE
6022,261,0.004045,SCORE
6022,126,0.003964,SCORE
6022,161,0.003865,SCORE
6022,143,0.003673,SCORE
6022,492,0.003274,SCORE
6022,34,0.003264,SCORE
6022,4695,0.003133,SCORE
6022,33,0.003053,SCORE
6022,2015,0.002997,SCORE
6022,685,0.002789,SCORE
6022,961,0.002662,SCORE
6022,419,0.002504,SCORE
6022,8820,0.002503,SCORE
6022,1346,0.002497,SCORE
6022,1895,0.002460,SCORE
6022,408,0.002426,SCORE
6022,746,0.002396,SCORE
6023,10132,0.043718,SCORE
6023,508,0.020405,SCORE
6023,66855,0.018943,SCORE
6023,38,0.014970,SCORE
6023,2244,0.013844,SCORE
6023,208,0.012757,SCORE
6023,8739,0.011659,SCORE
6023,1905,0.010283,SCORE
6023,979,0.010126,SCORE
6023,393,0.009545,SCORE
6023,507,0.008042,SCORE
6023,161,0.007747,SCORE
6023,73,0.007450,SCORE
6023,22915,0.007293,SCORE
6023,11415,0.007293,SCORE
6023,21359,0.007288,SCORE
6023,74,0.006822,SCORE
6023,1313,0.006694,SCORE
6023,3061,0.006557,SCORE
6023,38531,0.006557,SCORE
6023,7,0.006531,SCORE
6023,2420,0.005851,SCORE
6023,2006,0.005835,SCORE
6023,28169,0.005829,SCORE
6023,95653,0.005829,SCORE
6023,747,0.005149,SCORE
6023,14314,0.005103,SCORE
6023,741,0.004994,SCORE
6023,885,0.004719,SCORE
6023,199,0.004389,SCORE
6024,208,0.025791,SCORE
6024,38,0.024203,SCORE
6024,8635,0.016460,SCORE
6024,7,0.014494,SCORE
6024,979,0.014316,SCORE
6024,1313,0.013571,SCORE
6024,2006,0.010740,SCORE
6024,161,0.010157,SCORE
6024,2243,0.009717,SCORE
6024,24,0.007641,SCORE
6024,741,0.006178,SCORE
6024,275,0.005664,SCORE
6024,73,0.005479,SCORE
6024,1518,0.005280,SCORE
6024,143,0.005198,SCORE
6024,74,0.004982,SCORE
6024,311,0.004979,SCORE
6024,507,0.004554,SCORE
6024,448,0.004085,SCORE
6024,175,0.003597,SCORE
6024,134,0.003536,SCORE
6024,261,0.003420,SCORE
6024,1163,0.002997,SCORE
6024,428,0.002986,SCORE
6024,3794,0.002969,SCORE
6024,7471,0.002821,SCORE
6024,95,0.002764,SCORE
6024,117,0.002699,SCORE
6024,120,0.002665,SCORE
6024,103,0.002628,SCORE
6025,3962,0.010903,SCORE
6025,4542,0.007730,SCORE
6025,592,0.006996,SCORE
6025,8208,0.006872,SCORE
6025,161,0.006280,SCORE
6025,747,0.005842,SCORE
6025,3440,0.005764,SCORE
6025,24,0.005350,SCORE
6025,275,0.005286,SCORE
6025,8714,0.005040,SCORE
6025,4281,0.004904,SCORE
6025,310,0.004878,SCORE
6025,1267,0.004274,SCORE
6025,175,0.004260,SCORE
6025,1066,0.004247,SCORE
6025,261,0.003812,SCORE
6025,1392,0.003745,SCORE
6025,3373,0.003592,SCORE
6025,2136,0.003584,SCORE
6025,311,0.003567,SCORE
6025,84,0.003498,SCORE
6025,554,0.003365,SCORE
6025,659,0.003295,SCORE
6025,5291,0.003290,SCORE
6025,1297,0.003241,SCORE
6025,596,0.003008,SCORE
6025,43476,0.002958,SCORE
6025,24286,0.002954,SCORE
6025,2404,0.002910,SCORE
6025,19596,0.002860,SCORE
6026,161,0.010569,SCORE
6026,143,0.008264,SCORE
6026,24,0.008143,SCORE
6026,449,0.006029,SCORE
6026,261,0.004626,SCORE
6026,275,0.004319,SCORE
6026,308,0.004214,SCORE
6026,175,0.004146,SCORE
6026,1267,0.004021,SCORE
6026,747,0.003924,SCORE
6026,8139,0.003744,SCORE
6026,1491,0.003654,SCORE
6026,538,0.003586,SCORE
6026,1594,0.003456,SCORE
6026,1195,0.003386,SCORE
6026,2098,0.003263,SCORE
6026,1049,0.003218,SCORE
6026,659,0.003071,SCORE
6026,84,0.002986,SCORE
6026,10296,0.002981,SCORE
6026,117,0.002941,SCORE
6026,499,0.002793,SCORE
6026,8126,0.002744,SCORE
6026,12665,0.002720,SCORE
6026,4695,0.002698,SCORE
6026,26,0.002620,SCORE
6026,428,0.002483,SCORE
6026,1358,0.002371,SCORE
6026,1262,0.002299,SCORE
6026,1674,0.002270,SCORE
6027,7150,0.014558,SCORE
6027,6768,0.013738,SCORE
6027,24,0.010547,SCORE
6027,4448,0.008993,SCORE
6027,596,0.007651,SCORE
6027,8493,0.006341,SCORE
6027,5818,0.006124,SCORE
6027,5826,0.005675,SCORE
6027,9123,0.005324,SCORE
6027,84,0.004836,SCORE
6027,275,0.004558,SCORE
6027,8614,0.003971,SCORE
6027,592,0.003877,SCORE
6027,8709,0.003758,SCORE
6027,261,0.003655,SCORE
6027,175,0.003636,SCORE
6027,2329,0.003559,SCORE
6027,2767,0.003485,SCORE
6027,6012,0.003392,SCORE
6027,3962,0.003365,SCORE
6027,161,0.003239,SCORE
6027,9092,0.003131,SCORE
6027,448,0.003112,SCORE
6027,8708,0.003090,SCORE
6027,3573,0.002970,SCORE
6027,1002,0.002959,SCORE
6027,137,0.002929,SCORE
6027,19822,0.002829,SCORE
6027,1267,0.002724,SCORE
6027,25596,0.002717,SCORE
6028,6768,0.016690,SCORE
6028,596,0.008769,SCORE
6028,7150,0.008058,SCORE
6028,6027,0.007285,SCORE
6028,9123,0.006762,SCORE
6028,2070,0.006073,SCORE
6028,747,0.005570,SCORE
6028,8614,0.005518,SCORE
6028,24,0.005506,SCORE
6028,5826,0.005223,SCORE
6028,84,0.004975,SCORE
6028,5818,0.004789,SCORE
6028,2329,0.004707,SCORE
6028,25596,0.004597,SCORE
6028,1278,0.004566,SCORE
6028,8493,0.004206,SCORE
6028,175,0.003978,SCORE
6028,1267,0.003638,SCORE
6028,1661,0.003537,SCORE
6028,6012,0.003489,SCORE
6028,9092,0.003415,SCORE
6028,8709,0.003343,SCORE
6028,592,0.003260,SCORE
6028,16676,0.003002,SCORE
6028,6934,0.002968,SCORE
6028,5318,0.002958,SCORE
6028,15373,0.002855,SCORE
6028,3573,0.002734,SCORE
6028,1892,0.002719,SCORE
6028,3962,0.002713,SCORE
6029,175,0.019832,SCORE
6029,24,0.011523,SCORE
6029,796,0.009128,SCORE
6029,275,0.007955,SCORE
6029,34,0.006454,SCORE
6029,507,0.006253,SCORE
6029,33,0.006071,SCORE
6029,448,0.005464,SCORE
6029,143,0.005354,SCORE
6029,38,0.005264,SCORE
6029,518,0.004753,SCORE
6029,360,0.004750,SCORE
6029,117,0.004081,SCORE
6029,126,0.004049,SCORE
6029,141,0.003868,SCORE
6029,261,0.003823,SCORE
6029,511,0.003563,SCORE
6029,1163,0.003325,SCORE
6029,161,0.003043,SCORE
6029,1004,0.003002,SCORE
6029,2015,0.002629,SCORE
6029,73,0.002582,SCORE
6029,385,0.002498,SCORE
6029,95,0.002453,SCORE
6029,614,0.002288,SCORE
6029,2186,0.002279,SCORE
6029,350,0.002240,SCORE
6029,521,0.002219,SCORE
6029,120,0.002197,SCORE
6029,977,0.002184,SCORE
6030,175,0.016915,SCORE
6030,73,0.012901,SCORE
6030,796,0.012333,SCORE
6030,74,0.010445,SCORE
6030,24,0.010001,SCORE
6030,275,0.009184,SCORE
6030,17620,0.007956,SCORE
6030,1478,0.007399,SCORE
6030,117,0.007237,SCORE
6030,1267,0.007111,SCORE
6030,38,0.006412,SCORE
6030,126,0.006131,SCORE
6030,7411,0.005163,SCORE
6030,33455,0.005161,SCORE
6030,3141,0.004927,SCORE
6030,817,0.004811,SCORE
6030,4852,0.004668,SCORE
6030,511,0.004252,SCORE
6030,746,0.004101,SCORE
6030,261,0.004100,SCORE
6030,30,0.003578,SCORE
6030,448,0.003384,SCORE
6030,1003,0.003375,SCORE
6030,161,0.003343,SCORE
6030,143,0.003157,SCORE
6030,4288,0.003029,SCORE
6030,3182,0.002841,SCORE
6030,14207,0.002771,SCORE
6030,986,0.002698,SCORE
6030,13,0.002663,SCORE
6031,62,0.040436,SCORE
6031,163,0.024875,SCORE
6031,2855,0.013181,SCORE
6031,9878,0.012232,SCORE
6031,15986,0.012207,SCORE
6031,7310,0.011608,SCORE
6031,13211,0.011062,SCORE
6031,5659,0.008113,SCORE
6031,24,0.007911,SCORE
6031,9872,0.006664,SCORE
6031,1029,0.006646,SCORE
6031,13203,0.006620,SCORE
6031,447,0.006183,SCORE
6031,200,0.005625,SCORE
6031,184,0.005051,SCORE
6031,2649,0.005048,SCORE
6031,72,0.004713,SCORE
6031,287,0.004632,SCORE
6031,4011,0.004227,SCORE
6031,4079,0.004205,SCORE
6031,10212,0.004164,SCORE
6031,5488,0.004107,SCORE
6031,4935,0.004069,SCORE
6031,521,0.003982,SCORE
6031,382,0.003975,SCORE
6031,856,0.003864,SCORE
6031,164,0.003833,SCORE
6031,157,0.003732,SCORE
6031,619,0.003514,SCORE
6031,3223,0.003451,SCORE
6032,8714,0.016589,SCORE
6032,175,0.011524,SCORE
6032,24,0.009060,SCORE
6032,8208,0.006956,SCORE
6032,1770,0.006335,SCORE
6032,3962,0.006211,SCORE
6032,275,0.005433,SCORE
6032,1661,0.004975,SCORE
6032,261,0.004215,SCORE
6032,117,0.004126,SCORE
6032,592,0.004060,SCORE
6032,1066,0.003982,SCORE
6032,30119,0.003864,SCORE
6032,511,0.003750,SCORE
6032,796,0.003599,SCORE
6032,143,0.003386,SCORE
6032,161,0.003386,SCORE
6032,31591,0.003069,SCORE
6032,849,0.002967,SCORE
6032,38,0.002920,SCORE
6032,7473,0.002902,SCORE
6032,10247,0.002842,SCORE
6032,86,0.002799,SCORE
6032,2954,0.002620,SCORE
6032,1358,0.002549,SCORE
6032,141,0.002414,SCORE
6032,251,0.002371,SCORE
6032,448,0.002337,SCORE
6032,3540,0.002319,SCORE
6032,137,0.002255,SCORE
6033,175,0.047125,SCORE
6033,117,0.031728,SCORE
6033,796,0.028441,SCORE
6033,511,0.018541,SCORE
6033,275,0.010512,SCORE
6033,518,0.008949,SCORE
6033,2046,0.007582,SCORE
6033,4852,0.007459,SCORE
6033,24,0.006713,SCORE
6033,141,0.006526,SCORE
6033,360,0.006110,SCORE
6033,8043,0.006056,SCORE
6033,1346,0.005148,SCORE
6033,38,0.005073,SCORE
6033,126,0.004993,SCORE
6033,685,0.004863,SCORE
6033,34,0.004721,SCORE
6033,350,0.004637,SCORE
6033,261,0.004629,SCORE
6033,33,0.004103,SCORE
6033,492,0.003866,SCORE
6033,4865,0.003735,SCORE
6033,73,0.003715,SCORE
6033,448,0.003135,SCORE
6033,1500,0.003067,SCORE
6033,2015,0.003043,SCORE
6033,74,0.002909,SCORE
6033,3417,0.002897,SCORE
6033,6022,0.002804,SCORE
6033,86,0.002800,SCORE
6034,2997,0.063309,SCORE
6034,2706,0.019230,SCORE
6034,1577,0.018477,SCORE
6034,190,0.018348,SCORE
6034,1087,0.013248,SCORE
6034,30,0.012682,SCORE
6034,1165,0.010943,SCORE
6034,24,0.009424,SCORE
6034,143,0.006879,SCORE
6034,26580,0.006465,SCORE
6034,38,0.005889,SCORE
6034,1462,0.005858,SCORE
6034,87,0.005767,SCORE
6034,6751,0.005107,SCORE
6034,448,0.004663,SCORE
6034,22721,0.004651,SCORE
6034,126,0.004560,SCORE
6034,275,0.004209,SCORE
6034,470,0.003923,SCORE
6034,24996,0.003860,SCORE
6034,261,0.003623,SCORE
6034,1786,0.003472,SCORE
6034,3851,0.003442,SCORE
6034,385,0.003396,SCORE
6034,15,0.003261,SCORE
6034,13,0.003180,SCORE
6034,856,0.003099,SCORE
6034,1328,0.003040,SCORE
6034,722,0.002964,SCORE
6034,4181,0.002925,SCORE
6035,24,0.031589,SCORE
6035,1904,0.026404,SCORE
6035,73,0.018228,SCORE
6035,74,0.016082,SCORE
6035,38,0.013004,SCORE
6035,840,0.012440,SCORE
6035,3256,0.009376,SCORE
6035,1792,0.008147,SCORE
6035,175,0.007884,SCORE
6035,839,0.007799,SCORE
6035,126,0.007588,SCORE
6035,511,0.007289,SCORE
6035,275,0.006295,SCORE
6035,517,0.005887,SCORE
6035,4210,0.005788,SCORE
6035,883,0.005774,SCORE
6035,796,0.005717,SCORE
6035,408,0.005306,SCORE
6035,532,0.005130,SCORE
6035,775,0.004823,SCORE
6035,795,0.004788,SCORE
6035,2813,0.004675,SCORE
6035,746,0.004370,SCORE
6035,208,0.004290,SCORE
6035,921,0.004162,SCORE
6035,2837,0.004044,SCORE
6035,961,0.004011,SCORE
6035,779,0.003969,SCORE
6035,8820,0.003955,SCORE
6035,2970,0.003949,SCORE
6036,2040,0.052120,SCORE
6036,24,0.020072,SCORE
6036,73,0.018286,SCORE
6036,74,0.016086,SCORE
6036,539,0.015056,SCORE
6036,38,0.014844,SCORE
6036,6844,0.012728,SCORE
6036,499,0.011510,SCORE
6036,126,0.011261,SCORE
6036,517,0.011079,SCORE
6036,840,0.010804,SCORE
6036,841,0.010419,SCORE
6036,51861,0.010315,SCORE
6036,175,0.008165,SCORE
6036,3256,0.008123,SCORE
6036,6962,0.007952,SCORE
6036,839,0.007070,SCORE
6036,13,0.006811,SCORE
6036,511,0.006804,SCORE
6036,1792,0.006702,SCORE
6036,275,0.006335,SCORE
6036,117,0.006209,SCORE
6036,161,0.006046,SCORE
6036,2407,0.005804,SCORE
6036,884,0.005747,SCORE
6036,408,0.005320,SCORE
6036,961,0.005027,SCORE
6036,1500,0.004818,SCORE
6036,795,0.004355,SCORE
6036,8820,0.004251,SCORE
6037,190,0.041367,SCORE
6037,747,0.036263,SCORE
6037,385,0.034440,SCORE
6037,3241,0.015364,SCORE
6037,2600,0.014049,SCORE
6037,631,0.011966,SCORE
6037,5291,0.011185,SCORE
6037,763,0.011002,SCORE
6037,141,0.009909,SCORE
6037,1486,0.009818,SCORE
6037,1141,0.009167,SCORE
6037,18098,0.008594,SCORE
6037,3836,0.008542,SCORE
6037,311,0.008346,SCORE
6037,275,0.007005,SCORE
6037,796,0.006614,SCORE
6037,3451,0.006588,SCORE
6037,3513,0.006120,SCORE
6037,5780,0.005885,SCORE
6037,5879,0.005651,SCORE
6037,481,0.005573,SCORE
6037,5781,0.005508,SCORE
6037,3486,0.005469,SCORE
6037,10794,0.004805,SCORE
6037,261,0.004453,SCORE
6037,155,0.004075,SCORE
6037,19864,0.004049,SCORE
6037,1328,0.003802,SCORE
6037,1870,0.003724,SCORE
6037,476,0.003698,SCORE
6038,1853,0.026316,SCORE
6038,143,0.017953,SCORE
6038,1026,0.014358,SCORE
6038,275,0.012021,SCORE
6038,73,0.011944,SCORE
6038,24,0.011633,SCORE
6038,64,0.011519,SCORE
6038,741,0.011215,SCORE
6038,38,0.010459,SCORE
6038,74,0.010147,SCORE
6038,208,0.009436,SCORE
6038,126,0.008491,SCORE
6038,7920,0.006723,SCORE
6038,175,0.006423,SCORE
6038,2248,0.006319,SCORE
6038,261,0.006124,SCORE
6038,779,0.004626,SCORE
6038,3329,0.004480,SCORE
6038,977,0.003925,SCORE
6038,1076,0.003834,SCORE
6038,9587,0.003709,SCORE
6038,3117,0.003657,SCORE
6038,1645,0.003620,SCORE
6038,8666,0.003593,SCORE
6038,597,0.003593,SCORE
6038,350,0.003524,SCORE
6038,13,0.003524,SCORE
6038,161,0.003417,SCORE
6038,2713,0.003321,SCORE
6038,117,0.003177,SCORE
6039,38,0.016984,SCORE
6039,532,0.015649,SCORE
6039,13,0.015337,SCORE
6039,2572,0.014824,SCORE
6039,2054,0.012772,SCORE
6039,24,0.012633,SCORE
6039,126,0.011106,SCORE
6039,275,0.009335,SCORE
6039,841,0.006410,SCORE
6039,143,0.006072,SCORE
6039,502,0.005936,SCORE
6039,1518,0.005309,SCORE
6039,175,0.004976,SCORE
6039,977,0.004427,SCORE
6039,117,0.004197,SCORE
6039,519,0.003993,SCORE
6039,12036,0.003893,SCORE
6039,261,0.003766,SCORE
6039,520,0.003661,SCORE
6039,1346,0.003659,SCORE
6039,248,0.003645,SCORE
6039,537,0.003422,SCORE
6039,746,0.003401,SCORE
6039,538,0.003303,SCORE
6039,381,0.002945,SCORE
6039,73,0.002730,SCORE
6039,6856,0.002699,SCORE
6039,796,0.002679,SCORE
6039,2027,0.002641,SCORE
6039,56178,0.002625,SCORE
6040,488,0.024232,SCORE
6040,24,0.014401,SCORE
6040,1422,0.013913,SCORE
6040,275,0.012314,SCORE
6040,38,0.010660,SCORE
6040,1793,0.007291,SCORE
6040,126,0.006667,SCORE
6040,133,0.006235,SCORE
6040,746,0.005799,SCORE
6040,769,0.005368,SCORE
6040,143,0.004675,SCORE
6040,261,0.004379,SCORE
6040,511,0.004338,SCORE
6040,741,0.004312,SCORE
6040,30,0.004231,SCORE
6040,1163,0.004215,SCORE
6040,944,0.004164,SCORE
6040,13970,0.004135,SCORE
6040,426,0.003964,SCORE
6040,13,0.003855,SCORE
6040,73,0.003841,SCORE
6040,6728,0.003776,SCORE
6040,74,0.003436,SCORE
6040,779,0.003406,SCORE
6040,175,0.003355,SCORE
6040,19932,0.003213,SCORE
6040,427,0.003182,SCORE
6040,64,0.003093,SCORE
6040,425,0.003091,SCORE
6040,3731,0.002955,SCORE
6041,6027,0.030820,SCORE
6041,3622,0.022007,SCORE
6041,18976,0.022007,SCORE
6041,6012,0.021568,SCORE
6041,986,0.017606,SCORE
6041,275,0.016910,SCORE
6041,6768,0.016566,SCORE
6041,3363,0.015444,SCORE
6041,24,0.015064,SCORE
6041,29409,0.014824,SCORE
6041,3241,0.014446,SCORE
6041,7150,0.012120,SCORE
6041,5818,0.011294,SCORE
6041,950,0.010280,SCORE
6041,137,0.009090,SCORE
6041,1377,0.008822,SCORE
6041,54065,0.008803,SCORE
6041,569,0.008753,SCORE
6041,3578,0.008655,SCORE
6041,84,0.008623,SCORE
6041,313,0.008479,SCORE
6041,2719,0.008384,SCORE
6041,175,0.008367,SCORE
6041,1518,0.008333,SCORE
6041,1998,0.007345,SCORE
6041,787,0.007336,SCORE
6041,6985,0.007336,SCORE
6041,35170,0.006731,SCORE
6041,2491,0.005958,SCORE
6041,8828,0.005882,SCORE
6042,24,0.010634,SCORE
6042,514,0.009015,SCORE
6042,175,0.008105,SCORE
6042,48,0.007197,SCORE
6042,63,0.007149,SCORE
6042,275,0.006914,SCORE
6042,38,0.006669,SCORE
6042,143,0.006341,SCORE
6042,261,0.006127,SCORE
6042,208,0.005031,SCORE
6042,2713,0.004907,SCORE
6042,1462,0.004703,SCORE
6042,30,0.004117,SCORE
6042,1853,0.004085,SCORE
6042,268,0.003767,SCORE
6042,507,0.003508,SCORE
6042,126,0.003471,SCORE
6042,64,0.003422,SCORE
6042,26,0.003367,SCORE
6042,741,0.003325,SCORE
6042,350,0.003170,SCORE
6042,313,0.003144,SCORE
6042,448,0.003130,SCORE
6042,532,0.003057,SCORE
6042,141,0.003008,SCORE
6042,117,0.002984,SCORE
6042,521,0.002911,SCORE
6042,73,0.002879,SCORE
6042,4051,0.002857,SCORE
6042,3747,0.002857,SCORE
6043,38693,0.009413,SCORE
6043,6768,0.009003,SCORE
6043,24,0.006393,SCORE
6043,1267,0.005736,SCORE
6043,8493,0.005651,SCORE
6043,261,0.004614,SCORE
6043,12234,0.004391,SCORE
6043,161,0.004220,SCORE
6043,117,0.004202,SCORE
6043,596,0.004166,SCORE
6043,233,0.004077,SCORE
6043,792,0.003619,SCORE
6043,275,0.003609,SCORE
6043,592,0.003594,SCORE
6043,5575,0.003521,SCORE
6043,113,0.003350,SCORE
6043,143,0.003347,SCORE
6043,7150,0.003290,SCORE
6043,84,0.003223,SCORE
6043,791,0.003202,SCORE
6043,5989,0.003168,SCORE
6043,9092,0.003143,SCORE
6043,4641,0.003066,SCORE
6043,3540,0.002951,SCORE
6043,163,0.002865,SCORE
6043,9123,0.002712,SCORE
6043,172,0.002612,SCORE
6043,4074,0.002578,SCORE
6043,1892,0.002485,SCORE
6043,449,0.002484,SCORE
6044,64,0.018656,SCORE
6044,161,0.013836,SCORE
6044,208,0.011414,SCORE
6044,261,0.011199,SCORE
6044,269,0.009531,SCORE
6044,2210,0.009202,SCORE
6044,741,0.008719,SCORE
6044,610,0.006911,SCORE
6044,248,0.006695,SCORE
6044,6938,0.006036,SCORE
6044,175,0.005887,SCORE
6044,24,0.005550,SCORE
6044,1584,0.005351,SCORE
6044,12762,0.005261,SCORE
6044,2046,0.005192,SCORE
6044,796,0.005114,SCORE
6044,134,0.004603,SCORE
6044,275,0.004583,SCORE
6044,1853,0.004498,SCORE
6044,117,0.004108,SCORE
6044,1792,0.003788,SCORE
6044,324,0.003653,SCORE
6044,143,0.003508,SCORE
6044,1491,0.003430,SCORE
6044,1502,0.003334,SCORE
6044,2963,0.003162,SCORE
6044,880,0.003149,SCORE
6044,317,0.003146,SCORE
6044,428,0.003116,SCORE
6044,38,0.003005,SCORE
6045,7011,0.046704,SCORE
6045,19822,0.018935,SCORE
6045,84,0.012577,SCORE
6045,2073,0.012375,SCORE
6045,175,0.009311,SCORE
6045,3590,0.008723,SCORE
6045,24,0.008187,SCORE
6045,261,0.006554,SCORE
6045,6027,0.006107,SCORE
6045,5652,0.006055,SCORE
6045,514,0.005526,SCORE
6045,6791,0.005351,SCORE
6045,1327,0.005219,SCORE
6045,161,0.005217,SCORE
6045,2366,0.005211,SCORE
6045,137,0.005101,SCORE
6045,7150,0.005046,SCORE
6045,6768,0.004854,SCORE
6045,38,0.004595,SCORE
6045,841,0.003887,SCORE
6045,839,0.003823,SCORE
6045,9123,0.003762,SCORE
6045,275,0.003747,SCORE
6045,5818,0.003548,SCORE
6045,592,0.003447,SCORE
6045,117,0.003425,SCORE
6045,2985,0.003211,SCORE
6045,448,0.002933,SCORE
6045,2456,0.002926,SCORE
6045,1089,0.002741,SCORE
6046,137,0.017054,SCORE
6046,6027,0.012180,SCORE
6046,8714,0.008423,SCORE
6046,9382,0.007519,SCORE
6046,7150,0.007223,SCORE
6046,8709,0.007198,SCORE
6046,5818,0.007198,SCORE
6046,8708,0.007121,SCORE
6046,84,0.007063,SCORE
6046,24,0.006650,SCORE
6046,3539,0.006596,SCORE
6046,592,0.006134,SCORE
6046,448,0.006088,SCORE
6046,4695,0.006032,SCORE
6046,19822,0.005701,SCORE
6046,6768,0.005369,SCORE
6046,275,0.005022,SCORE
6046,6048,0.004835,SCORE
6046,175,0.004646,SCORE
6046,596,0.004239,SCORE
6046,986,0.004187,SCORE
6046,1896,0.004180,SCORE
6046,2767,0.003824,SCORE
6046,4553,0.003759,SCORE
6046,17345,0.003604,SCORE
6046,1004,0.003217,SCORE
6046,796,0.003167,SCORE
6046,308,0.003151,SCORE
6046,1466,0.003096,SCORE
6046,25110,0.003044,SCORE
6047,10486,0.019684,SCORE
6047,11841,0.018627,SCORE
6047,2959,0.016581,SCORE
6047,24,0.016171,SCORE
6047,878,0.014332,SCORE
6047,23046,0.014149,SCORE
6047,1815,0.014052,SCORE
6047,18053,0.010372,SCORE
6047,275,0.009483,SCORE
6047,175,0.008647,SCORE
6047,14217,0.007997,SCORE
6047,5194,0.007509,SCORE
6047,73,0.007318,SCORE
6047,120,0.006406,SCORE
6047,448,0.005985,SCORE
6047,126,0.005935,SCORE
6047,3974,0.005717,SCORE
6047,849,0.005407,SCORE
6047,38,0.004872,SCORE
6047,1234,0.004842,SCORE
6047,16285,0.004640,SCORE
6047,796,0.004508,SCORE
6047,2370,0.003626,SCORE
6047,1308,0.003569,SCORE
6047,1622,0.003403,SCORE
6047,143,0.003359,SCORE
6047,1502,0.003231,SCORE
6047,9716,0.003226,SCORE
6047,507,0.003144,SCORE
6047,13,0.003120,SCORE
6048,24,0.011820,SCORE
6048,26,0.010802,SCORE
6048,659,0.007698,SCORE
6048,190,0.006549,SCORE
6048,6,0.005863,SCORE
6048,385,0.005824,SCORE
6048,161,0.005802,SCORE
6048,275,0.005452,SCORE
6048,175,0.005399,SCORE
6048,261,0.005230,SCORE
6048,38,0.004680,SCORE
6048,747,0.003829,SCORE
6048,481,0.003706,SCORE
6048,476,0.003684,SCORE
6048,143,0.003481,SCORE
6048,438,0.003419,SCORE
6048,126,0.003367,SCORE
6048,1163,0.003220,SCORE
6048,448,0.003181,SCORE
6048,428,0.003177,SCORE
6048,324,0.003024,SCORE
6048,746,0.002792,SCORE
6048,3851,0.002680,SCORE
6048,313,0.002591,SCORE
6048,1041,0.002570,SCORE
6048,670,0.002534,SCORE
6048,592,0.002485,SCORE
6048,15,0.002412,SCORE
6048,1369,0.002391,SCORE
6048,763,0.002390,SCORE
6049,148,0.044365,SCORE
6049,84,0.025096,SCORE
6049,24,0.014848,SCORE
6049,308,0.012707,SCORE
6049,4653,0.012076,SCORE
6049,275,0.011723,SCORE
6049,5199,0.011068,SCORE
6049,2098,0.010449,SCORE
6049,276,0.010223,SCORE
6049,137,0.008542,SCORE
6049,313,0.008475,SCORE
6049,2892,0.007442,SCORE
6049,1412,0.006567,SCORE
6049,4035,0.006141,SCORE
6049,986,0.005795,SCORE
6049,613,0.005513,SCORE
6049,654,0.005498,SCORE
6049,5898,0.005195,SCORE
6049,184,0.004936,SCORE
6049,6308,0.004728,SCORE
6049,4768,0.004311,SCORE
6049,12626,0.004287,SCORE
6049,12574,0.004027,SCORE
6049,438,0.003696,SCORE
6049,175,0.003615,SCORE
6049,261,0.003578,SCORE
6049,1896,0.003499,SCORE
6049,39370,0.003406,SCORE
6049,854,0.003290,SCORE
6049,449,0.003273,SCORE
6050,84,0.045622,SCORE
6050,32038,0.027338,SCORE
6050,5899,0.019370,SCORE
6050,4824,0.017627,SCORE
6050,613,0.015881,SCORE
6050,24,0.013822,SCORE
6050,276,0.012301,SCORE
6050,308,0.009746,SCORE
6050,4035,0.009311,SCORE
6050,184,0.006560,SCORE
6050,275,0.006363,SCORE
6050,654,0.005758,SCORE
6050,182,0.005719,SCORE
6050,986,0.005719,SCORE
6050,148,0.005668,SCORE
6050,4113,0.005518,SCORE
6050,200,0.005151,SCORE
6050,62,0.005084,SCORE
6050,72,0.004949,SCORE
6050,438,0.004794,SCORE
6050,854,0.004575,SCORE
6050,2855,0.004489,SCORE
6050,163,0.004487,SCORE
6050,4011,0.004332,SCORE
6050,2098,0.004284,SCORE
6050,147,0.004125,SCORE
6050,313,0.003961,SCORE
6050,449,0.003907,SCORE
6050,1412,0.003885,SCORE
6050,381,0.003713,SCORE
6051,5954,0.093512,SCORE
6051,15551,0.091057,SCORE
6051,841,0.026729,SCORE
6051,7732,0.022764,SCORE
6051,819,0.016307,SCORE
6051,799,0.015523,SCORE
6051,268,0.013238,SCORE
6051,126,0.011537,SCORE
6051,38,0.011468,SCORE
6051,817,0.011165,SCORE
6051,24,0.010697,SCORE
6051,23999,0.010490,SCORE
6051,18425,0.008983,SCORE
6051,25264,0.008951,SCORE
6051,1476,0.008948,SCORE
6051,20947,0.008337,SCORE
6051,175,0.007715,SCORE
6051,34067,0.007382,SCORE
6051,275,0.007081,SCORE
6051,796,0.006707,SCORE
6051,2676,0.005655,SCORE
6051,7,0.005527,SCORE
6051,685,0.005413,SCORE
6051,517,0.005356,SCORE
6051,3579,0.005326,SCORE
6051,3594,0.004989,SCORE
6051,73,0.004829,SCORE
6051,30,0.004758,SCORE
6051,1502,0.004686,SCORE
6051,511,0.004493,SCORE
6052,73,0.014433,SCORE
6052,74,0.012127,SCORE
6052,532,0.010487,SCORE
6052,38,0.009422,SCORE
6052,2091,0.009058,SCORE
6052,126,0.008467,SCORE
6052,24,0.008339,SCORE
6052,13,0.006589,SCORE
6052,275,0.006446,SCORE
6052,161,0.005395,SCORE
6052,175,0.005265,SCORE
6052,30,0.004923,SCORE
6052,796,0.003959,SCORE
6052,261,0.003900,SCORE
6052,1003,0.003590,SCORE
6052,117,0.003397,SCORE
6052,143,0.003332,SCORE
6052,520,0.003295,SCORE
6052,2164,0.003265,SCORE
6052,448,0.003228,SCORE
6052,746,0.003171,SCORE
6052,817,0.002990,SCORE
6052,841,0.002811,SCORE
6052,7,0.002772,SCORE
6052,453,0.002685,SCORE
6052,350,0.002655,SCORE
6052,248,0.002638,SCORE
6052,519,0.002567,SCORE
6052,1518,0.002503,SCORE
6052,1645,0.002426,SCORE
6053,7150,0.041299,SCORE
6053,8493,0.028244,SCORE
6053,6768,0.022805,SCORE
6053,9123,0.014757,SCORE
6053,25596,0.010496,SCORE
6053,596,0.010310,SCORE
6053,4078,0.009444,SCORE
6053,5826,0.007883,SCORE
6053,8614,0.007376,SCORE
6053,12215,0.005868,SCORE
6053,6027,0.005630,SCORE
6053,3679,0.005559,SCORE
6053,3573,0.005330,SCORE
6053,233,0.005047,SCORE
6053,17329,0.004952,SCORE
6053,592,0.004825,SCORE
6053,10100,0.004680,SCORE
6053,3838,0.004677,SCORE
6053,10145,0.004580,SCORE
6053,2329,0.004476,SCORE
6053,12217,0.004361,SCORE
6053,30215,0.004338,SCORE
6053,44056,0.004196,SCORE
6053,449,0.004022,SCORE
6053,13682,0.003844,SCORE
6053,9519,0.003841,SCORE
6053,1267,0.003838,SCORE
6053,6066,0.003783,SCORE
6053,23562,0.003629,SCORE
6053,3540,0.003496,SCORE
6054,978,0.018243,SCORE
6054,1668,0.016510,SCORE
6054,428,0.014014,SCORE
6054,275,0.014004,SCORE
6054,2277,0.012180,SCORE
6054,24,0.010534,SCORE
6054,977,0.009223,SCORE
6054,2290,0.007375,SCORE
6054,5518,0.007017,SCORE
6054,8856,0.006840,SCORE
6054,385,0.005999,SCORE
6054,1826,0.005007,SCORE
6054,1163,0.004912,SCORE
6054,143,0.004706,SCORE
6054,8629,0.004673,SCORE
6054,38,0.003558,SCORE
6054,95,0.003513,SCORE
6054,1076,0.003477,SCORE
6054,175,0.003299,SCORE
6054,6078,0.003199,SCORE
6054,397,0.003170,SCORE
6054,817,0.002977,SCORE
6054,261,0.002934,SCORE
6054,126,0.002906,SCORE
6054,1010,0.002811,SCORE
6054,944,0.002667,SCORE
6054,1077,0.002658,SCORE
6054,9558,0.002420,SCORE
6054,448,0.002344,SCORE
6054,7192,0.002336,SCORE
6055,24,0.023798,SCORE
6055,175,0.010514,SCORE
6055,126,0.009864,SCORE
6055,275,0.008878,SCORE
6055,74,0.006415,SCORE
6055,73,0.006207,SCORE
6055,184,0.005468,SCORE
6055,1218,0.004945,SCORE
6055,950,0.004691,SCORE
6055,1567,0.004633,SCORE
6055,1734,0.004235,SCORE
6055,117,0.003826,SCORE
6055,261,0.003694,SCORE
6055,2545,0.003628,SCORE
6055,141,0.003351,SCORE
6055,143,0.003283,SCORE
6055,796,0.003189,SCORE
6055,406,0.003175,SCORE
6055,313,0.003150,SCORE
6055,448,0.003008,SCORE
6055,746,0.002823,SCORE
6055,161,0.002791,SCORE
6055,120,0.002713,SCORE
6055,659,0.002693,SCORE
6055,2837,0.002672,SCORE
6055,7635,0.002663,SCORE
6055,421,0.002600,SCORE
6055,13,0.002454,SCORE
6055,428,0.002451,SCORE
6055,817,0.002413,SCORE
6056,38,0.024473,SCORE
6056,30,0.017048,SCORE
6056,13,0.014931,SCORE
6056,5259,0.014636,SCORE
6056,1053,0.010598,SCORE
6056,1052,0.010118,SCORE
6056,2,0.009956,SCORE
6056,7,0.009828,SCORE
6056,24,0.009713,SCORE
6056,4089,0.009404,SCORE
6056,532,0.008515,SCORE
6056,488,0.008515,SCORE
6056,817,0.008498,SCORE
6056,101,0.008094,SCORE
6056,1422,0.007384,SCORE
6056,1082,0.006777,SCORE
6056,878,0.006766,SCORE
6056,117,0.006354,SCORE
6056,73,0.005716,SCORE
6056,275,0.005626,SCORE
6056,126,0.005592,SCORE
6056,15896,0.005514,SCORE
6056,74,0.005153,SCORE
6056,1076,0.005058,SCORE
6056,839,0.004896,SCORE
6056,915,0.004787,SCORE
6056,908,0.004770,SCORE
6056,3047,0.004484,SCORE
6056,3259,0.004082,SCORE
6056,29,0.004027,SCORE
6057,2290,0.026702,SCORE
6057,978,0.026028,SCORE
6057,275,0.019194,SCORE
6057,5375,0.017627,SCORE
6057,1988,0.017565,SCORE
6057,6801,0.017453,SCORE
6057,2201,0.014201,SCORE
6057,2954,0.011897,SCORE
6057,12506,0.011707,SCORE
6057,1963,0.011657,SCORE
6057,4654,0.011650,SCORE
6057,508,0.011639,SCORE
6057,30785,0.011628,SCORE
6057,59420,0.011628,SCORE
6057,443,0.011306,SCORE
6057,428,0.008819,SCORE
6057,175,0.008414,SCORE
6057,24,0.008362,SCORE
6057,1639,0.008308,SCORE
6057,86,0.007246,SCORE
6057,986,0.006554,SCORE
6057,412,0.006553,SCORE
6057,493,0.005997,SCORE
6057,669,0.005942,SCORE
6057,11007,0.005939,SCORE
6057,851,0.005871,SCORE
6057,251,0.005871,SCORE
6057,2815,0.005834,SCORE
6057,9790,0.005827,SCORE
6057,1064,0.005823,SCORE
6058,3522,0.075634,SCORE
6058,817,0.059534,SCORE
6058,667,0.055298,SCORE
6058,3521,0.043275,SCORE
6058,878,0.036463,SCORE
6058,73,0.020033,SCORE
6058,7,0.016498,SCORE
6058,30,0.015996,SCORE
6058,38,0.014569,SCORE
6058,261,0.012187,SCORE
6058,6123,0.010086,SCORE
6058,178,0.009759,SCORE
6058,175,0.007465,SCORE
6058,4730,0.006295,SCORE
6058,8257,0.006200,SCORE
6058,24,0.005854,SCORE
6058,34601,0.005531,SCORE
6058,8291,0.005484,SCORE
6058,796,0.004933,SCORE
6058,11062,0.004922,SCORE
6058,25965,0.004589,SCORE
6058,644,0.004530,SCORE
6058,20132,0.004403,SCORE
6058,13616,0.004167,SCORE
6058,21,0.004138,SCORE
6058,143,0.003842,SCORE
6058,604,0.003797,SCORE
6058,21202,0.003644,SCORE
6058,184,0.003620,SCORE
6058,3259,0.003541,SCORE
6059,126,0.036132,SCORE
6059,515,0.032161,SCORE
6059,175,0.017072,SCORE
6059,117,0.017017,SCORE
6059,24,0.010516,SCORE
6059,817,0.010377,SCORE
6059,275,0.010309,SCORE
6059,38,0.009890,SCORE
6059,261,0.009125,SCORE
6059,2393,0.006769,SCORE
6059,30,0.006754,SCORE
6059,1026,0.006501,SCORE
6059,33,0.005897,SCORE
6059,34,0.005801,SCORE
6059,73,0.005764,SCORE
6059,2397,0.005443,SCORE
6059,25120,0.005159,SCORE
6059,22579,0.004844,SCORE
6059,143,0.004820,SCORE
6059,74,0.004720,SCORE
6059,517,0.004708,SCORE
6059,685,0.004634,SCORE
6059,1006,0.004491,SCORE
6059,746,0.004183,SCORE
6059,823,0.004164,SCORE
6059,2,0.004117,SCORE
6059,7,0.003947,SCORE
6059,752,0.003825,SCORE
6059,13970,0.003765,SCORE
6059,3156,0.003711,SCORE
6060,175,0.050207,SCORE
6060,5012,0.047671,SCORE
6060,796,0.027573,SCORE
6060,126,0.022722,SCORE
6060,6072,0.012078,SCORE
6060,2306,0.011833,SCORE
6060,275,0.011451,SCORE
6060,38,0.009179,SCORE
6060,795,0.008791,SCORE
6060,1577,0.008049,SCORE
6060,2564,0.007540,SCORE
6060,360,0.006414,SCORE
6060,24,0.005785,SCORE
6060,746,0.005783,SCORE
6060,12819,0.005231,SCORE
6060,141,0.004960,SCORE
6060,516,0.004925,SCORE
6060,6520,0.004664,SCORE
6060,1734,0.004620,SCORE
6060,10215,0.004491,SCORE
6060,2988,0.004428,SCORE
6060,16972,0.004373,SCORE
6060,6739,0.004181,SCORE
6060,73,0.004035,SCORE
6060,4453,0.003955,SCORE
6060,1772,0.003883,SCORE
6060,117,0.003820,SCORE
6060,1502,0.003724,SCORE
6060,7,0.003230,SCORE
6060,817,0.003167,SCORE
6061,24,0.010649,SCORE
6061,175,0.009210,SCORE
6061,161,0.006450,SCORE
6061,275,0.005554,SCORE
6061,448,0.005298,SCORE
6061,38,0.004782,SCORE
6061,261,0.004731,SCORE
6061,1039,0.004343,SCORE
6061,143,0.004080,SCORE
6061,1267,0.003173,SCORE
6061,5433,0.002933,SCORE
6061,276,0.002674,SCORE
6061,849,0.002657,SCORE
6061,308,0.002620,SCORE
6061,174,0.002618,SCORE
6061,117,0.002590,SCORE
6061,796,0.002559,SCORE
6061,659,0.002539,SCORE
6061,518,0.002518,SCORE
6061,95,0.002509,SCORE
6061,311,0.002474,SCORE
6061,385,0.002450,SCORE
6061,521,0.002448,SCORE
6061,1559,0.002394,SCORE
6061,313,0.002383,SCORE
6061,84,0.002305,SCORE
6061,126,0.002285,SCORE
6061,34,0.002272,SCORE
6061,1317,0.002266,SCORE
6061,350,0.002234,SCORE
6062,718,0.063629,SCORE
6062,161,0.043502,SCORE
6062,190,0.026203,SCORE
6062,1901,0.021538,SCORE
6062,24,0.020697,SCORE
6062,6064,0.020476,SCORE
6062,977,0.015449,SCORE
6062,2789,0.012179,SCORE
6062,3851,0.011601,SCORE
6062,13347,0.008705,SCORE
6062,3705,0.008397,SCORE
6062,1549,0.007591,SCORE
6062,3429,0.007400,SCORE
6062,4257,0.007357,SCORE
6062,26,0.007045,SCORE
6062,1088,0.006505,SCORE
6062,30,0.006081,SCORE
6062,3704,0.006069,SCORE
6062,11850,0.006020,SCORE
6062,275,0.005856,SCORE
6062,447,0.005778,SCORE
6062,282,0.005219,SCORE
6062,746,0.005194,SCORE
6062,126,0.005116,SCORE
6062,38,0.004831,SCORE
6062,1328,0.004576,SCORE
6062,659,0.004537,SCORE
6062,2620,0.004339,SCORE
6062,27791,0.004329,SCORE
6062,43607,0.004329,SCORE
6063,26,0.029391,SCORE
6063,718,0.022905,SCORE
6063,1901,0.021811,SCORE
6063,6064,0.020945,SCORE
6063,536,0.020940,SCORE
6063,2743,0.020881,SCORE
6063,24,0.011401,SCORE
6063,659,0.008897,SCORE
6063,13347,0.007617,SCORE
6063,3851,0.007239,SCORE
6063,1549,0.006638,SCORE
6063,4257,0.006436,SCORE
6063,1088,0.005682,SCORE
6063,447,0.005125,SCORE
6063,3563,0.004464,SCORE
6063,161,0.004450,SCORE
6063,428,0.004164,SCORE
6063,190,0.003911,SCORE
6063,1164,0.003904,SCORE
6063,2620,0.003801,SCORE
6063,27791,0.003790,SCORE
6063,43607,0.003788,SCORE
6063,3429,0.002860,SCORE
6063,19819,0.002843,SCORE
6063,9311,0.002776,SCORE
6063,5024,0.002671,SCORE
6063,1801,0.002572,SCORE
6063,610,0.002476,SCORE
6063,275,0.002312,SCORE
6063,175,0.002162,SCORE
6064,26,0.015118,SCORE
6064,24,0.012620,SCORE
6064,9984,0.008403,SCORE
6064,275,0.007616,SCORE
6064,190,0.006454,SCORE
6064,261,0.006234,SCORE
6064,16977,0.005522,SCORE
6064,3851,0.005502,SCORE
6064,823,0.005224,SCORE
6064,815,0.005179,SCORE
6064,8296,0.005128,SCORE
6064,161,0.005056,SCORE
6064,4106,0.004923,SCORE
6064,163,0.004774,SCORE
6064,718,0.004638,SCORE
6064,659,0.004619,SCORE
6064,175,0.004579,SCORE
6064,3373,0.004420,SCORE
6064,2187,0.003929,SCORE
6064,38,0.003899,SCORE
6064,126,0.003870,SCORE
6064,747,0.003494,SCORE
6064,14306,0.003476,SCORE
6064,977,0.003351,SCORE
6064,859,0.003288,SCORE
6064,5449,0.003258,SCORE
6064,7093,0.003252,SCORE
6064,11668,0.003199,SCORE
6064,117,0.003195,SCORE
6064,30,0.002966,SCORE
6065,6768,0.033628,SCORE
6065,9123,0.025880,SCORE
6065,7150,0.024604,SCORE
6065,596,0.017821,SCORE
6065,8493,0.017175,SCORE
6065,46471,0.016397,SCORE
6065,12218,0.010806,SCORE
6065,6934,0.010121,SCORE
6065,25894,0.008773,SCORE
6065,12195,0.008159,SCORE
6065,25596,0.008078,SCORE
6065,12217,0.007508,SCORE
6065,1267,0.007359,SCORE
6065,8614,0.006810,SCORE
6065,5826,0.006747,SCORE
6065,3573,0.006658,SCORE
6065,8709,0.006560,SCORE
6065,3679,0.006476,SCORE
6065,6027,0.006467,SCORE
6065,6908,0.006029,SCORE
6065,6066,0.005505,SCORE
6065,17325,0.005478,SCORE
6065,2070,0.005070,SCORE
6065,163,0.005035,SCORE
6065,84,0.004855,SCORE
6065,22417,0.004752,SCORE
6065,12215,0.004733,SCORE
6065,10145,0.004589,SCORE
6065,47649,0.004510,SCORE
6065,22910,0.004343,SCORE
6066,6768,0.024673,SCORE
6066,7150,0.019968,SCORE
6066,8493,0.016721,SCORE
6066,9123,0.014917,SCORE
6066,6027,0.009365,SCORE
6066,29499,0.008351,SCORE
6066,5826,0.008306,SCORE
6066,3573,0.007969,SCORE
6066,596,0.007514,SCORE
6066,25596,0.006603,SCORE
6066,2329,0.006469,SCORE
6066,33706,0.006424,SCORE
6066,8614,0.006340,SCORE
6066,12215,0.006045,SCORE
6066,45455,0.005091,SCORE
6066,592,0.004942,SCORE
6066,5818,0.004802,SCORE
6066,84,0.004552,SCORE
6066,3679,0.004228,SCORE
6066,24,0.003900,SCORE
6066,2344,0.003811,SCORE
6066,8708,0.003769,SCORE
6066,6934,0.003584,SCORE
6066,8709,0.003379,SCORE
6066,10145,0.003250,SCORE
6066,2767,0.003192,SCORE
6066,23562,0.003175,SCORE
6066,1218,0.003089,SCORE
6066,1267,0.003060,SCORE
6066,17329,0.003052,SCORE
6067,6768,0.025583,SCORE
6067,8493,0.014660,SCORE
6067,12217,0.013895,SCORE
6067,7150,0.013220,SCORE
6067,596,0.012945,SCORE
6067,9123,0.010051,SCORE
6067,3962,0.009114,SCORE
6067,17329,0.008660,SCORE
6067,25596,0.007000,SCORE
6067,9092,0.006686,SCORE
6067,6027,0.005885,SCORE
6067,2329,0.005536,SCORE
6067,84,0.005179,SCORE
6067,8614,0.005122,SCORE
6067,5818,0.005083,SCORE
6067,592,0.004489,SCORE
6067,5826,0.004457,SCORE
6067,3573,0.004276,SCORE
6067,1267,0.004103,SCORE
6067,19079,0.004098,SCORE
6067,6066,0.004065,SCORE
6067,6908,0.004014,SCORE
6067,2594,0.003919,SCORE
6067,29499,0.003884,SCORE
6067,3540,0.003559,SCORE
6067,6934,0.003516,SCORE
6067,8709,0.003470,SCORE
6067,8708,0.003357,SCORE
6067,27510,0.003249,SCORE
6067,8138,0.003204,SCORE
6068,1087,0.039283,SCORE
6068,248,0.021793,SCORE
6068,1060,0.014529,SCORE
6068,38,0.012492,SCORE
6068,13,0.010717,SCORE
6068,7,0.008254,SCORE
6068,249,0.007865,SCORE
6068,746,0.007820,SCORE
6068,24,0.007697,SCORE
6068,14944,0.007538,SCORE
6068,8061,0.007116,SCORE
6068,13288,0.006731,SCORE
6068,260,0.005937,SCORE
6068,350,0.005165,SCORE
6068,1734,0.005090,SCORE
6068,18324,0.004815,SCORE
6068,126,0.004747,SCORE
6068,7639,0.004626,SCORE
6068,977,0.004555,SCORE
6068,1594,0.004467,SCORE
6068,427,0.004433,SCORE
6068,796,0.004177,SCORE
6068,14304,0.004035,SCORE
6068,839,0.003979,SCORE
6068,381,0.003902,SCORE
6068,30,0.003881,SCORE
6068,261,0.003822,SCORE
6068,208,0.003513,SCORE
6068,6612,0.003505,SCORE
6068,1006,0.003469,SCORE
6069,152,0.044740,SCORE
6069,161,0.035660,SCORE
6069,153,0.013007,SCORE
6069,24,0.011275,SCORE
6069,175,0.006781,SCORE
6069,1801,0.006100,SCORE
6069,5503,0.005777,SCORE
6069,2263,0.005514,SCORE
6069,208,0.005274,SCORE
6069,796,0.005211,SCORE
6069,6814,0.004700,SCORE
6069,261,0.004492,SCORE
6069,23,0.004333,SCORE
6069,1462,0.004266,SCORE
6069,1941,0.004093,SCORE
6069,3419,0.004090,SCORE
6069,35240,0.003722,SCORE
6069,1800,0.003306,SCORE
6069,834,0.003267,SCORE
6069,141,0.003167,SCORE
6069,1583,0.003152,SCORE
6069,448,0.003083,SCORE
6069,26,0.002951,SCORE
6069,275,0.002947,SCORE
6069,610,0.002886,SCORE
6069,3748,0.002821,SCORE
6069,1297,0.002768,SCORE
6069,330,0.002632,SCORE
6069,844,0.002610,SCORE
6069,4142,0.002601,SCORE
6070,190,0.028337,SCORE
6070,15039,0.009724,SCORE
6070,24,0.008062,SCORE
6070,799,0.007243,SCORE
6070,1801,0.006216,SCORE
6070,175,0.005862,SCORE
6070,610,0.005008,SCORE
6070,261,0.004763,SCORE
6070,469,0.004740,SCORE
6070,26,0.004627,SCORE
6070,1941,0.004323,SCORE
6070,224,0.004057,SCORE
6070,154,0.003805,SCORE
6070,137,0.003624,SCORE
6070,517,0.003195,SCORE
6070,659,0.002878,SCORE
6070,807,0.002871,SCORE
6070,38,0.002788,SCORE
6070,274,0.002653,SCORE
6070,275,0.002541,SCORE
6070,33,0.002519,SCORE
6070,411,0.002510,SCORE
6070,419,0.002494,SCORE
6070,34,0.002400,SCORE
6070,2717,0.002372,SCORE
6070,7475,0.002262,SCORE
6070,5836,0.002148,SCORE
6070,1002,0.002123,SCORE
6070,7924,0.002120,SCORE
6070,2855,0.002068,SCORE
6071,2715,0.106536,SCORE
6071,24,0.049773,SCORE
6071,38,0.045369,SCORE
6071,12627,0.022692,SCORE
6071,2521,0.020821,SCORE
6071,977,0.020580,SCORE
6071,126,0.019511,SCORE
6071,275,0.018619,SCORE
6071,19571,0.011539,SCORE
6071,21107,0.011004,SCORE
6071,1826,0.010318,SCORE
6071,908,0.010038,SCORE
6071,18751,0.009004,SCORE
6071,30,0.008058,SCORE
6071,6553,0.007416,SCORE
6071,720,0.007104,SCORE
6071,796,0.006950,SCORE
6071,13,0.005927,SCORE
6071,532,0.005654,SCORE
6071,7638,0.004723,SCORE
6071,2505,0.004687,SCORE
6071,23987,0.004548,SCORE
6071,381,0.004524,SCORE
6071,261,0.004498,SCORE
6071,14583,0.004284,SCORE
6071,2711,0.004188,SCORE
6071,894,0.003990,SCORE
6071,841,0.003945,SCORE
6071,2250,0.003924,SCORE
6071,1006,0.003892,SCORE
6072,1577,0.093283,SCORE
6072,38,0.051490,SCORE
6072,6520,0.046874,SCORE
6072,7,0.024213,SCORE
6072,6060,0.014004,SCORE
6072,126,0.012114,SCORE
6072,29368,0.011497,SCORE
6072,30,0.011421,SCORE
6072,746,0.010457,SCORE
6072,275,0.010317,SCORE
6072,25273,0.009998,SCORE
6072,6530,0.009826,SCORE
6072,1476,0.009129,SCORE
6072,31256,0.008395,SCORE
6072,27133,0.006619,SCORE
6072,22172,0.006315,SCORE
6072,514,0.006160,SCORE
6072,24,0.005799,SCORE
6072,3118,0.005193,SCORE
6072,685,0.005057,SCORE
6072,8250,0.005041,SCORE
6072,11238,0.004977,SCORE
6072,2752,0.004925,SCORE
6072,12416,0.004804,SCORE
6072,11317,0.004681,SCORE
6072,817,0.004649,SCORE
6072,448,0.004408,SCORE
6072,1502,0.004364,SCORE
6072,7823,0.003969,SCORE
6072,101,0.003920,SCORE
6073,24,0.011037,SCORE
6073,275,0.010764,SCORE
6073,448,0.007725,SCORE
6073,2655,0.005877,SCORE
6073,977,0.005712,SCORE
6073,1476,0.005619,SCORE
6073,38,0.005471,SCORE
6073,175,0.004924,SCORE
6073,6603,0.004822,SCORE
6073,161,0.004597,SCORE
6073,117,0.004492,SCORE
6073,261,0.004448,SCORE
6073,4851,0.004266,SCORE
6073,13,0.004147,SCORE
6073,746,0.004085,SCORE
6073,126,0.003946,SCORE
6073,15333,0.003784,SCORE
6073,2161,0.003589,SCORE
6073,143,0.003564,SCORE
6073,2430,0.003557,SCORE
6073,1076,0.003471,SCORE
6073,33,0.003419,SCORE
6073,34,0.003227,SCORE
6073,839,0.003223,SCORE
6073,1595,0.003178,SCORE
6073,2404,0.003029,SCORE
6073,7225,0.003000,SCORE
6073,3351,0.002902,SCORE
6073,2558,0.002850,SCORE
6073,685,0.002842,SCORE
6074,5171,0.021833,SCORE
6074,24,0.019402,SCORE
6074,5170,0.015932,SCORE
6074,435,0.012163,SCORE
6074,175,0.011963,SCORE
6074,4988,0.010385,SCORE
6074,1815,0.010286,SCORE
6074,691,0.009059,SCORE
6074,22525,0.008145,SCORE
6074,62983,0.008140,SCORE
6074,1997,0.007910,SCORE
6074,14041,0.007788,SCORE
6074,1712,0.007558,SCORE
6074,11508,0.007006,SCORE
6074,6256,0.006952,SCORE
6074,38,0.006941,SCORE
6074,661,0.006601,SCORE
6074,275,0.006374,SCORE
6074,448,0.006318,SCORE
6074,261,0.005881,SCORE
6074,849,0.005040,SCORE
6074,3851,0.005033,SCORE
6074,161,0.004715,SCORE
6074,47480,0.004647,SCORE
6074,6101,0.004645,SCORE
6074,796,0.004645,SCORE
6074,120,0.004627,SCORE
6074,351,0.003939,SCORE
6074,6084,0.003644,SCORE
6074,33965,0.003554,SCORE
6075,2712,0.131490,SCORE
6075,2711,0.024869,SCORE
6075,2277,0.015138,SCORE
6075,978,0.012904,SCORE
6075,7666,0.012463,SCORE
6075,275,0.010889,SCORE
6075,24,0.009445,SCORE
6075,2521,0.007710,SCORE
6075,261,0.006559,SCORE
6075,38,0.006320,SCORE
6075,161,0.006264,SCORE
6075,13,0.006154,SCORE
6075,11393,0.005306,SCORE
6075,538,0.004639,SCORE
6075,2253,0.004106,SCORE
6075,824,0.003819,SCORE
6075,5027,0.003765,SCORE
6075,8194,0.003661,SCORE
6075,5343,0.003196,SCORE
6075,126,0.003169,SCORE
6075,2592,0.003134,SCORE
6075,556,0.003108,SCORE
6075,555,0.003088,SCORE
6075,449,0.003070,SCORE
6075,25087,0.003001,SCORE
6075,3235,0.002966,SCORE
6075,910,0.002746,SCORE
6075,1569,0.002685,SCORE
6075,5153,0.002516,SCORE
6075,817,0.002439,SCORE
6076,2712,0.019995,SCORE
6076,25087,0.019709,SCORE
6076,261,0.012815,SCORE
6076,24,0.011488,SCORE
6076,161,0.007387,SCORE
6076,275,0.006189,SCORE
6076,143,0.005807,SCORE
6076,126,0.005802,SCORE
6076,834,0.005383,SCORE
6076,3851,0.005266,SCORE
6076,33,0.004970,SCORE
6076,313,0.004798,SCORE
6076,34,0.004681,SCORE
6076,448,0.004656,SCORE
6076,1132,0.004598,SCORE
6076,38,0.004596,SCORE
6076,481,0.004281,SCORE
6076,163,0.004193,SCORE
6076,30,0.004045,SCORE
6076,2277,0.003867,SCORE
6076,13,0.003137,SCORE
6076,5027,0.003123,SCORE
6076,438,0.003055,SCORE
6076,2187,0.003019,SCORE
6076,1734,0.003004,SCORE
6076,604,0.002913,SCORE
6076,718,0.002826,SCORE
6076,276,0.002763,SCORE
6076,817,0.002726,SCORE
6076,736,0.002692,SCORE
6077,794,0.017917,SCORE
6077,8856,0.017182,SCORE
6077,448,0.016245,SCORE
6077,117,0.016133,SCORE
6077,817,0.011144,SCORE
6077,24,0.010694,SCORE
6077,4852,0.008925,SCORE
6077,163,0.007745,SCORE
6077,275,0.006989,SCORE
6077,1214,0.006547,SCORE
6077,2290,0.005082,SCORE
6077,256,0.004796,SCORE
6077,120,0.004544,SCORE
6077,6168,0.004056,SCORE
6077,5955,0.003848,SCORE
6077,23042,0.003689,SCORE
6077,1645,0.003523,SCORE
6077,175,0.003497,SCORE
6077,958,0.003210,SCORE
6077,7553,0.003032,SCORE
6077,38,0.003007,SCORE
6077,1476,0.002976,SCORE
6077,161,0.002899,SCORE
6077,261,0.002859,SCORE
6077,7729,0.002696,SCORE
6077,3055,0.002610,SCORE
6077,685,0.002602,SCORE
6077,126,0.002492,SCORE
6077,35458,0.002367,SCORE
6077,830,0.002265,SCORE
6078,2290,0.052984,SCORE
6078,275,0.023215,SCORE
6078,878,0.014046,SCORE
6078,24,0.009020,SCORE
6078,18181,0.008658,SCORE
6078,27770,0.007802,SCORE
6078,163,0.007286,SCORE
6078,175,0.006866,SCORE
6078,817,0.006201,SCORE
6078,978,0.006023,SCORE
6078,1502,0.005902,SCORE
6078,6054,0.005892,SCORE
6078,1668,0.005670,SCORE
6078,4756,0.005466,SCORE
6078,448,0.005381,SCORE
6078,794,0.003817,SCORE
6078,11295,0.003698,SCORE
6078,120,0.003395,SCORE
6078,1539,0.003359,SCORE
6078,117,0.003331,SCORE
6078,35458,0.003285,SCORE
6078,143,0.003227,SCORE
6078,5968,0.002971,SCORE
6078,8856,0.002867,SCORE
6078,746,0.002853,SCORE
6078,23294,0.002523,SCORE
6078,360,0.002424,SCORE
6078,5518,0.002414,SCORE
6078,1976,0.002385,SCORE
6078,20775,0.002383,SCORE
6079,6078,0.019519,SCORE
6079,6077,0.019305,SCORE
6079,24,0.014451,SCORE
6079,163,0.013683,SCORE
6079,448,0.011566,SCORE
6079,8856,0.011420,SCORE
6079,175,0.009954,SCORE
6079,449,0.007258,SCORE
6079,817,0.007043,SCORE
6079,1029,0.006803,SCORE
6079,27770,0.005296,SCORE
6079,275,0.005238,SCORE
6079,360,0.004836,SCORE
6079,143,0.004487,SCORE
6079,8138,0.003884,SCORE
6079,84,0.003873,SCORE
6079,4068,0.003739,SCORE
6079,794,0.003692,SCORE
6079,4756,0.003680,SCORE
6079,2855,0.003606,SCORE
6079,1929,0.003516,SCORE
6079,38,0.003510,SCORE
6079,453,0.003476,SCORE
6079,11414,0.003416,SCORE
6079,2712,0.003414,SCORE
6079,2290,0.003396,SCORE
6079,120,0.003350,SCORE
6079,25087,0.003344,SCORE
6079,6168,0.003273,SCORE
6079,8490,0.003217,SCORE
6080,34,0.076213,SCORE
6080,33,0.073774,SCORE
6080,275,0.021634,SCORE
6080,137,0.014331,SCORE
6080,685,0.011877,SCORE
6080,1476,0.011384,SCORE
6080,4829,0.010762,SCORE
6080,24,0.009785,SCORE
6080,17212,0.009511,SCORE
6080,2015,0.007066,SCORE
6080,31214,0.006969,SCORE
6080,2618,0.006916,SCORE
6080,532,0.005725,SCORE
6080,38,0.005723,SCORE
6080,175,0.005605,SCORE
6080,30,0.005172,SCORE
6080,448,0.004901,SCORE
6080,746,0.004778,SCORE
6080,3888,0.004755,SCORE
6080,32389,0.004685,SCORE
6080,841,0.004282,SCORE
6080,796,0.003783,SCORE
6080,261,0.003706,SCORE
6080,15,0.003557,SCORE
6080,521,0.003533,SCORE
6080,839,0.003349,SCORE
6080,3593,0.003176,SCORE
6080,819,0.003090,SCORE
6080,126,0.003028,SCORE
6080,3650,0.002983,SCORE
6081,1010,0.042726,SCORE
6081,1009,0.019474,SCORE
6081,836,0.011383,SCORE
6081,448,0.010762,SCORE
6081,24,0.010073,SCORE
6081,10122,0.007908,SCORE
6081,1027,0.006411,SCORE
6081,1690,0.005543,SCORE
6081,806,0.005459,SCORE
6081,2831,0.005216,SCORE
6081,3470,0.004914,SCORE
6081,1462,0.004754,SCORE
6081,1815,0.004586,SCORE
6081,10754,0.004439,SCORE
6081,1617,0.004284,SCORE
6081,12711,0.004282,SCORE
6081,18205,0.004263,SCORE
6081,1047,0.004159,SCORE
6081,2001,0.003903,SCORE
6081,763,0.003493,SCORE
6081,6123,0.003491,SCORE
6081,1163,0.003451,SCORE
6081,311,0.003393,SCORE
6081,4517,0.003390,SCORE
6081,120,0.003334,SCORE
6081,2263,0.003311,SCORE
6081,95,0.003292,SCORE
6081,4370,0.003287,SCORE
6081,143,0.003146,SCORE
6081,385,0.003116,SCORE
6082,8607,0.060474,SCORE
6082,24,0.037821,SCORE
6082,448,0.016688,SCORE
6082,1815,0.016279,SCORE
6082,120,0.014471,SCORE
6082,22902,0.013818,SCORE
6082,57276,0.013808,SCORE
6082,1764,0.012476,SCORE
6082,13558,0.009365,SCORE
6082,849,0.008661,SCORE
6082,275,0.008153,SCORE
6082,175,0.006805,SCORE
6082,796,0.006636,SCORE
6082,1849,0.005421,SCORE
6082,1253,0.004746,SCORE
6082,1308,0.004744,SCORE
6082,2155,0.004601,SCORE
6082,5126,0.004422,SCORE
6082,15371,0.004305,SCORE
6082,24672,0.004198,SCORE
6082,4539,0.004193,SCORE
6082,10203,0.003995,SCORE
6082,2119,0.003863,SCORE
6082,7225,0.003778,SCORE
6082,1622,0.003740,SCORE
6082,3376,0.003693,SCORE
6082,2959,0.003659,SCORE
6082,942,0.003530,SCORE
6082,5656,0.003527,SCORE
6082,521,0.003502,SCORE
6083,453,0.162529,SCORE
6083,25081,0.043758,SCORE
6083,9445,0.043517,SCORE
6083,24,0.021021,SCORE
6083,796,0.019486,SCORE
6083,2609,0.016724,SCORE
6083,10208,0.013569,SCORE
6083,1936,0.011021,SCORE
6083,2046,0.010871,SCORE
6083,1786,0.010809,SCORE
6083,511,0.010077,SCORE
6083,126,0.009670,SCORE
6083,275,0.008207,SCORE
6083,22604,0.008191,SCORE
6083,175,0.006745,SCORE
6083,26,0.006707,SCORE
6083,26610,0.006148,SCORE
6083,48179,0.006143,SCORE
6083,4108,0.005905,SCORE
6083,10474,0.005887,SCORE
6083,13,0.005767,SCORE
6083,4756,0.005274,SCORE
6083,15129,0.005131,SCORE
6083,48673,0.005118,SCORE
6083,746,0.004232,SCORE
6083,428,0.004119,SCORE
6083,11571,0.004083,SCORE
6083,10203,0.004081,SCORE
6083,117,0.003983,SCORE
6083,11847,0.003888,SCORE
6084,5171,0.049159,SCORE
6084,24,0.027353,SCORE
6084,4988,0.022451,SCORE
6084,1815,0.022412,SCORE
6084,6074,0.022072,SCORE
6084,14041,0.017609,SCORE
6084,1997,0.016844,SCORE
6084,1712,0.016771,SCORE
6084,11508,0.015916,SCORE
6084,175,0.011614,SCORE
6084,6101,0.010076,SCORE
6084,143,0.008503,SCORE
6084,275,0.008078,SCORE
6084,849,0.007569,SCORE
6084,448,0.007438,SCORE
6084,7655,0.007433,SCORE
6084,120,0.006860,SCORE
6084,9046,0.006636,SCORE
6084,796,0.006259,SCORE
6084,117,0.004733,SCORE
6084,3354,0.003939,SCORE
6084,2370,0.003903,SCORE
6084,9716,0.003771,SCORE
6084,19441,0.003657,SCORE
6084,3670,0.003591,SCORE
6084,823,0.003582,SCORE
6084,95,0.003450,SCORE
6084,1315,0.003430,SCORE
6084,1236,0.003395,SCORE
6084,1267,0.003323,SCORE
6085,5027,0.053880,SCORE
6085,163,0.030314,SCORE
6085,24,0.017714,SCORE
6085,14839,0.016278,SCORE
6085,117,0.014318,SCORE
6085,3354,0.013064,SCORE
6085,10513,0.012852,SCORE
6085,120,0.012787,SCORE
6085,7137,0.010086,SCORE
6085,604,0.008256,SCORE
6085,448,0.007179,SCORE
6085,275,0.006192,SCORE
6085,1267,0.005849,SCORE
6085,1246,0.005268,SCORE
6085,126,0.004934,SCORE
6085,19613,0.004654,SCORE
6085,27161,0.004262,SCORE
6085,161,0.004075,SCORE
6085,261,0.004010,SCORE
6085,849,0.003930,SCORE
6085,1016,0.003694,SCORE
6085,1555,0.003608,SCORE
6085,2873,0.003566,SCORE
6085,21640,0.003477,SCORE
6085,2855,0.003474,SCORE
6085,6641,0.003469,SCORE
6085,721,0.003305,SCORE
6085,773,0.003184,SCORE
6085,507,0.003167,SCORE
6085,1543,0.003024,SCORE
6086,481,0.021686,SCORE
6086,38,0.019268,SCORE
6086,126,0.016119,SCORE
6086,741,0.014042,SCORE
6086,9323,0.012400,SCORE
6086,1101,0.011454,SCORE
6086,208,0.011078,SCORE
6086,143,0.011043,SCORE
6086,275,0.009485,SCORE
6086,13,0.008863,SCORE
6086,796,0.008024,SCORE
6086,24,0.007918,SCORE
6086,350,0.007736,SCORE
6086,248,0.007057,SCORE
6086,261,0.006373,SCORE
6086,64,0.006115,SCORE
6086,9287,0.005959,SCORE
6086,268,0.004664,SCORE
6086,175,0.004451,SCORE
6086,3117,0.003867,SCORE
6086,746,0.003774,SCORE
6086,1572,0.003738,SCORE
6086,9977,0.003730,SCORE
6086,1490,0.003658,SCORE
6086,4138,0.003601,SCORE
6086,20674,0.003556,SCORE
6086,1853,0.003443,SCORE
6086,56,0.003213,SCORE
6086,532,0.003189,SCORE
6086,511,0.003154,SCORE
6087,6078,0.041749,SCORE
6087,6077,0.040871,SCORE
6087,163,0.035964,SCORE
6087,8856,0.034797,SCORE
6087,448,0.029864,SCORE
6087,817,0.020596,SCORE
6087,120,0.019502,SCORE
6087,27770,0.016139,SCORE
6087,4756,0.011193,SCORE
6087,794,0.010316,SCORE
6087,2290,0.010173,SCORE
6087,24,0.010162,SCORE
6087,2855,0.009218,SCORE
6087,6168,0.008155,SCORE
6087,35458,0.006832,SCORE
6087,1734,0.006704,SCORE
6087,7553,0.006136,SCORE
6087,1758,0.005895,SCORE
6087,275,0.005820,SCORE
6087,65,0.005664,SCORE
6087,7400,0.005650,SCORE
6087,23294,0.005248,SCORE
6087,20775,0.005008,SCORE
6087,1244,0.004927,SCORE
6087,830,0.004887,SCORE
6087,103,0.004327,SCORE
6087,256,0.003964,SCORE
6087,2519,0.003938,SCORE
6087,1892,0.003933,SCORE
6087,2360,0.003742,SCORE
6088,163,0.009497,SCORE
6088,24,0.008715,SCORE
6088,448,0.008331,SCORE
6088,1462,0.007449,SCORE
6088,1010,0.005385,SCORE
6088,120,0.005081,SCORE
6088,1163,0.004261,SCORE
6088,199,0.004036,SCORE
6088,508,0.003697,SCORE
6088,175,0.003639,SCORE
6088,507,0.003583,SCORE
6088,856,0.003357,SCORE
6088,1267,0.003303,SCORE
6088,95,0.003289,SCORE
6088,849,0.003276,SCORE
6088,385,0.003264,SCORE
6088,261,0.003039,SCORE
6088,2855,0.002926,SCORE
6088,1905,0.002922,SCORE
6088,1255,0.002882,SCORE
6088,836,0.002867,SCORE
6088,521,0.002801,SCORE
6088,844,0.002782,SCORE
6088,275,0.002661,SCORE
6088,311,0.002659,SCORE
6088,691,0.002597,SCORE
6088,407,0.002467,SCORE
6088,143,0.002427,SCORE
6088,677,0.002329,SCORE
6088,2263,0.002216,SCORE
6089,175,0.019582,SCORE
6089,24,0.017061,SCORE
6089,2339,0.010133,SCORE
6089,796,0.008877,SCORE
6089,849,0.008659,SCORE
6089,448,0.008210,SCORE
6089,275,0.008179,SCORE
6089,856,0.007053,SCORE
6089,120,0.006245,SCORE
6089,2340,0.006047,SCORE
6089,117,0.005936,SCORE
6089,1359,0.005672,SCORE
6089,518,0.005335,SCORE
6089,38,0.004438,SCORE
6089,360,0.004345,SCORE
6089,126,0.004212,SCORE
6089,2009,0.003965,SCORE
6089,1476,0.003959,SCORE
6089,1203,0.003857,SCORE
6089,143,0.003708,SCORE
6089,33,0.003448,SCORE
6089,34,0.003439,SCORE
6089,1815,0.003420,SCORE
6089,511,0.003372,SCORE
6089,73,0.003214,SCORE
6089,685,0.003214,SCORE
6089,507,0.003153,SCORE
6089,817,0.002999,SCORE
6089,161,0.002923,SCORE
6089,1131,0.002917,SCORE
6090,1010,0.024379,SCORE
6090,12356,0.016301,SCORE
6090,95,0.013478,SCORE
6090,817,0.008870,SCORE
6090,1009,0.008451,SCORE
6090,1049,0.007445,SCORE
6090,5939,0.006380,SCORE
6090,178,0.005842,SCORE
6090,1766,0.005747,SCORE
6090,143,0.005338,SCORE
6090,407,0.005139,SCORE
6090,3887,0.004445,SCORE
6090,2001,0.004139,SCORE
6090,30267,0.004078,SCORE
6090,944,0.003779,SCORE
6090,24,0.003592,SCORE
6090,4617,0.003516,SCORE
6090,1334,0.003416,SCORE
6090,2831,0.003367,SCORE
6090,1163,0.003194,SCORE
6090,1093,0.003189,SCORE
6090,38,0.003027,SCORE
6090,275,0.002914,SCORE
6090,3493,0.002843,SCORE
6090,8631,0.002772,SCORE
6090,1533,0.002707,SCORE
6090,1613,0.002648,SCORE
6090,1462,0.002632,SCORE
6090,2526,0.002616,SCORE
6090,6681,0.002544,SCORE
6091,1815,0.024835,SCORE
6091,24,0.023782,SCORE
6091,849,0.015029,SCORE
6091,2959,0.012516,SCORE
6091,120,0.012035,SCORE
6091,448,0.010239,SCORE
6091,275,0.006297,SCORE
6091,1622,0.005088,SCORE
6091,1253,0.004919,SCORE
6091,175,0.004621,SCORE
6091,2370,0.004480,SCORE
6091,21358,0.004299,SCORE
6091,1764,0.003933,SCORE
6091,3376,0.003895,SCORE
6091,5170,0.003657,SCORE
6091,9716,0.003556,SCORE
6091,408,0.003122,SCORE
6091,1234,0.003117,SCORE
6091,507,0.003102,SCORE
6091,796,0.002762,SCORE
6091,5203,0.002754,SCORE
6091,1997,0.002738,SCORE
6091,314,0.002702,SCORE
6091,143,0.002697,SCORE
6091,385,0.002637,SCORE
6091,155,0.002610,SCORE
6091,261,0.002587,SCORE
6091,23,0.002576,SCORE
6091,1308,0.002536,SCORE
6091,1713,0.002505,SCORE
6092,72,0.038392,SCORE
6092,24,0.016237,SCORE
6092,275,0.010727,SCORE
6092,4011,0.008506,SCORE
6092,448,0.008282,SCORE
6092,200,0.006986,SCORE
6092,163,0.006842,SCORE
6092,2855,0.005237,SCORE
6092,84,0.005169,SCORE
6092,120,0.005085,SCORE
6092,62,0.005024,SCORE
6092,106,0.004075,SCORE
6092,4064,0.004072,SCORE
6092,2034,0.004055,SCORE
6092,1659,0.003865,SCORE
6092,1462,0.003846,SCORE
6092,613,0.003516,SCORE
6092,486,0.003496,SCORE
6092,2352,0.003491,SCORE
6092,573,0.003334,SCORE
6092,261,0.003310,SCORE
6092,1163,0.003269,SCORE
6092,128,0.003238,SCORE
6092,38,0.003184,SCORE
6092,4032,0.003171,SCORE
6092,896,0.003151,SCORE
6092,1224,0.003009,SCORE
6092,526,0.002994,SCORE
6092,1901,0.002944,SCORE
6092,175,0.002832,SCORE
6093,275,0.021105,SCORE
6093,5784,0.014890,SCORE
6093,24,0.009672,SCORE
6093,986,0.008128,SCORE
6093,24787,0.007970,SCORE
6093,175,0.006551,SCORE
6093,443,0.006447,SCORE
6093,9602,0.005879,SCORE
6093,126,0.005601,SCORE
6093,33424,0.005364,SCORE
6093,412,0.004544,SCORE
6093,44930,0.004475,SCORE
6093,854,0.004400,SCORE
6093,161,0.004335,SCORE
6093,10130,0.004052,SCORE
6093,190,0.003860,SCORE
6093,8196,0.003691,SCORE
6093,143,0.003540,SCORE
6093,117,0.003538,SCORE
6093,2906,0.003515,SCORE
6093,141,0.003476,SCORE
6093,84,0.003398,SCORE
6093,385,0.003325,SCORE
6093,3892,0.003306,SCORE
6093,20948,0.003300,SCORE
6093,13424,0.003205,SCORE
6093,261,0.003064,SCORE
6093,277,0.002931,SCORE
6093,2975,0.002890,SCORE
6093,1057,0.002888,SCORE
6094,24,0.015957,SCORE
6094,6578,0.011809,SCORE
6094,507,0.011009,SCORE
6094,1462,0.009547,SCORE
6094,1622,0.009006,SCORE
6094,1815,0.008883,SCORE
6094,175,0.008223,SCORE
6094,143,0.007456,SCORE
6094,448,0.007091,SCORE
6094,856,0.006483,SCORE
6094,95,0.006156,SCORE
6094,849,0.005948,SCORE
6094,4142,0.005631,SCORE
6094,311,0.005614,SCORE
6094,1255,0.005513,SCORE
6094,15660,0.004124,SCORE
6094,2205,0.004114,SCORE
6094,521,0.004054,SCORE
6094,796,0.004044,SCORE
6094,836,0.004041,SCORE
6094,174,0.003906,SCORE
6094,1163,0.003767,SCORE
6094,2634,0.003421,SCORE
6094,3388,0.003175,SCORE
6094,1238,0.003015,SCORE
6094,19879,0.002967,SCORE
6094,2263,0.002956,SCORE
6094,137,0.002821,SCORE
6094,161,0.002809,SCORE
6094,120,0.002750,SCORE
6095,24,0.033287,SCORE
6095,1815,0.018450,SCORE
6095,448,0.012526,SCORE
6095,1234,0.012144,SCORE
6095,120,0.009858,SCORE
6095,275,0.009457,SCORE
6095,1764,0.009012,SCORE
6095,4294,0.007921,SCORE
6095,849,0.007585,SCORE
6095,175,0.006315,SCORE
6095,854,0.004326,SCORE
6095,143,0.004032,SCORE
6095,4293,0.003970,SCORE
6095,4287,0.003807,SCORE
6095,7137,0.003500,SCORE
6095,4331,0.003482,SCORE
6095,856,0.003355,SCORE
6095,261,0.003270,SCORE
6095,161,0.003208,SCORE
6095,756,0.003110,SCORE
6095,408,0.002921,SCORE
6095,117,0.002899,SCORE
6095,1064,0.002899,SCORE
6095,5170,0.002816,SCORE
6095,3851,0.002759,SCORE
6095,518,0.002749,SCORE
6095,15,0.002608,SCORE
6095,942,0.002586,SCORE
6095,4991,0.002528,SCORE
6095,313,0.002488,SCORE
6096,24,0.020497,SCORE
6096,3128,0.013470,SCORE
6096,449,0.013070,SCORE
6096,1156,0.012264,SCORE
6096,280,0.010570,SCORE
6096,308,0.008640,SCORE
6096,1830,0.008255,SCORE
6096,857,0.008209,SCORE
6096,1923,0.006654,SCORE
6096,382,0.006550,SCORE
6096,3129,0.006078,SCORE
6096,84,0.005693,SCORE
6096,1513,0.005573,SCORE
6096,182,0.005392,SCORE
6096,2948,0.005306,SCORE
6096,8524,0.005202,SCORE
6096,2892,0.005089,SCORE
6096,1851,0.004943,SCORE
6096,448,0.004852,SCORE
6096,569,0.004777,SCORE
6096,13693,0.004701,SCORE
6096,21799,0.004398,SCORE
6096,592,0.004139,SCORE
6096,29278,0.004130,SCORE
6096,5185,0.004088,SCORE
6096,1476,0.004016,SCORE
6096,1898,0.004005,SCORE
6096,8602,0.003903,SCORE
6096,1965,0.003802,SCORE
6096,1195,0.003798,SCORE
6097,163,0.049340,SCORE
6097,4415,0.023435,SCORE
6097,448,0.020807,SCORE
6097,4955,0.014190,SCORE
6097,11086,0.013805,SCORE
6097,5856,0.012860,SCORE
6097,508,0.011702,SCORE
6097,24,0.009357,SCORE
6097,120,0.008512,SCORE
6097,1905,0.008041,SCORE
6097,140,0.007814,SCORE
6097,1004,0.007146,SCORE
6097,11897,0.007142,SCORE
6097,199,0.007049,SCORE
6097,3341,0.005758,SCORE
6097,175,0.005399,SCORE
6097,449,0.004838,SCORE
6097,7,0.004823,SCORE
6097,1043,0.004752,SCORE
6097,1069,0.004738,SCORE
6097,382,0.004023,SCORE
6097,22696,0.003868,SCORE
6097,4935,0.003806,SCORE
6097,38,0.003186,SCORE
6097,3256,0.003158,SCORE
6097,3270,0.003067,SCORE
6097,507,0.002972,SCORE
6097,275,0.002968,SCORE
6097,817,0.002835,SCORE
6097,1267,0.002764,SCORE
6098,175,0.039579,SCORE
6098,518,0.014907,SCORE
6098,796,0.013699,SCORE
6098,275,0.010653,SCORE
6098,24,0.010475,SCORE
6098,813,0.010250,SCORE
6098,34,0.009835,SCORE
6098,360,0.009345,SCORE
6098,2038,0.007958,SCORE
6098,789,0.007955,SCORE
6098,448,0.007859,SCORE
6098,511,0.007058,SCORE
6098,33,0.006947,SCORE
6098,4862,0.006131,SCORE
6098,141,0.005632,SCORE
6098,1346,0.005289,SCORE
6098,2015,0.005221,SCORE
6098,1332,0.005123,SCORE
6098,1004,0.004851,SCORE
6098,117,0.004611,SCORE
6098,2052,0.004171,SCORE
6098,392,0.004071,SCORE
6098,143,0.003820,SCORE
6098,161,0.003662,SCORE
6098,849,0.003476,SCORE
6098,642,0.003432,SCORE
6098,120,0.003415,SCORE
6098,1311,0.003219,SCORE
6098,1482,0.002983,SCORE
6098,84,0.002917,SCORE
6099,2101,0.025784,SCORE
6099,275,0.014846,SCORE
6099,175,0.013442,SCORE
6099,1267,0.011668,SCORE
6099,1994,0.008658,SCORE
6099,24,0.007400,SCORE
6099,4864,0.007120,SCORE
6099,443,0.006025,SCORE
6099,143,0.005693,SCORE
6099,448,0.005432,SCORE
6099,796,0.005166,SCORE
6099,518,0.004929,SCORE
6099,208,0.004778,SCORE
6099,141,0.004569,SCORE
6099,1873,0.004218,SCORE
6099,1756,0.004047,SCORE
6099,1989,0.003841,SCORE
6099,659,0.003609,SCORE
6099,412,0.003431,SCORE
6099,120,0.003381,SCORE
6099,53806,0.003311,SCORE
6099,3241,0.003234,SCORE
6099,741,0.003225,SCORE
6099,631,0.003195,SCORE
6099,137,0.002974,SCORE
6099,7158,0.002853,SCORE
6099,161,0.002845,SCORE
6099,117,0.002815,SCORE
6099,16671,0.002811,SCORE
6099,1953,0.002789,SCORE
6100,7069,0.023920,SCORE
6100,18461,0.022202,SCORE
6100,22905,0.017084,SCORE
6100,24,0.016986,SCORE
6100,101,0.015220,SCORE
6100,22907,0.011958,SCORE
6100,448,0.011952,SCORE
6100,854,0.011689,SCORE
6100,849,0.011675,SCORE
6100,1815,0.011409,SCORE
6100,12625,0.011281,SCORE
6100,12878,0.011229,SCORE
6100,120,0.009710,SCORE
6100,16893,0.009632,SCORE
6100,175,0.008503,SCORE
6100,22904,0.006836,SCORE
6100,2789,0.006705,SCORE
6100,1764,0.005387,SCORE
6100,5160,0.005153,SCORE
6100,4128,0.005145,SCORE
6100,521,0.005105,SCORE
6100,670,0.004584,SCORE
6100,275,0.004569,SCORE
6100,1253,0.004249,SCORE
6100,28950,0.004132,SCORE
6100,977,0.004084,SCORE
6100,13558,0.003894,SCORE
6100,4539,0.003869,SCORE
6100,796,0.003810,SCORE
6100,2370,0.003680,SCORE
6101,438,0.037477,SCORE
6101,276,0.032951,SCORE
6101,2245,0.027021,SCORE
6101,624,0.023934,SCORE
6101,133,0.022975,SCORE
6101,223,0.021800,SCORE
6101,445,0.019643,SCORE
6101,845,0.019277,SCORE
6101,598,0.019137,SCORE
6101,5464,0.018647,SCORE
6101,5049,0.018196,SCORE
6101,5460,0.017844,SCORE
6101,24,0.017823,SCORE
6101,6583,0.016412,SCORE
6101,313,0.016323,SCORE
6101,31124,0.015847,SCORE
6101,261,0.015162,SCORE
6101,6579,0.014166,SCORE
6101,230,0.013449,SCORE
6101,381,0.012525,SCORE
6101,5171,0.010710,SCORE
6101,5345,0.006985,SCORE
6101,2643,0.006589,SCORE
6101,470,0.006463,SCORE
6101,4988,0.005713,SCORE
6101,248,0.005119,SCORE
6101,857,0.004898,SCORE
6101,6074,0.004888,SCORE
6101,1815,0.004474,SCORE
6101,275,0.004222,SCORE
6102,507,0.008924,SCORE
6102,1163,0.008485,SCORE
6102,1462,0.007865,SCORE
6102,691,0.006698,SCORE
6102,1010,0.006002,SCORE
6102,385,0.005966,SCORE
6102,2164,0.005811,SCORE
6102,95,0.005512,SCORE
6102,836,0.005456,SCORE
6102,24,0.005181,SCORE
6102,834,0.005052,SCORE
6102,856,0.004719,SCORE
6102,448,0.004633,SCORE
6102,143,0.004586,SCORE
6102,211,0.004424,SCORE
6102,1132,0.004303,SCORE
6102,238,0.004219,SCORE
6102,1051,0.003767,SCORE
6102,844,0.003766,SCORE
6102,275,0.003752,SCORE
6102,944,0.003742,SCORE
6102,1192,0.003597,SCORE
6102,849,0.003537,SCORE
6102,175,0.003530,SCORE
6102,1334,0.003432,SCORE
6102,1255,0.003387,SCORE
6102,1399,0.003353,SCORE
6102,1093,0.003304,SCORE
6102,1435,0.003278,SCORE
6102,4117,0.003278,SCORE
6103,24,0.009317,SCORE
6103,275,0.008336,SCORE
6103,856,0.005249,SCORE
6103,1163,0.005155,SCORE
6103,448,0.004707,SCORE
6103,111,0.004509,SCORE
6103,1998,0.004285,SCORE
6103,117,0.004258,SCORE
6103,844,0.003931,SCORE
6103,849,0.003903,SCORE
6103,1010,0.003764,SCORE
6103,3430,0.003651,SCORE
6103,143,0.003380,SCORE
6103,95,0.003271,SCORE
6103,261,0.003236,SCORE
6103,120,0.003232,SCORE
6103,161,0.003230,SCORE
6103,38,0.003155,SCORE
6103,175,0.003133,SCORE
6103,2491,0.003117,SCORE
6103,691,0.003098,SCORE
6103,944,0.002835,SCORE
6103,385,0.002680,SCORE
6103,507,0.002569,SCORE
6103,1462,0.002475,SCORE
6103,6123,0.002439,SCORE
6103,848,0.002417,SCORE
6103,84,0.002370,SCORE
6103,1435,0.002332,SCORE
6103,131,0.002322,SCORE
6104,856,0.013464,SCORE
6104,95,0.010822,SCORE
6104,706,0.010109,SCORE
6104,844,0.009105,SCORE
6104,3708,0.008743,SCORE
6104,849,0.007754,SCORE
6104,878,0.006068,SCORE
6104,834,0.005958,SCORE
6104,1150,0.005720,SCORE
6104,2817,0.005607,SCORE
6104,2164,0.005140,SCORE
6104,211,0.005014,SCORE
6104,1163,0.004622,SCORE
6104,3903,0.004552,SCORE
6104,705,0.004480,SCORE
6104,143,0.004452,SCORE
6104,817,0.004122,SCORE
6104,24,0.004101,SCORE
6104,448,0.003960,SCORE
6104,1462,0.003919,SCORE
6104,68,0.003906,SCORE
6104,1132,0.003895,SCORE
6104,1367,0.003735,SCORE
6104,1435,0.003677,SCORE
6104,385,0.003567,SCORE
6104,38,0.003544,SCORE
6104,4502,0.003463,SCORE
6104,836,0.003400,SCORE
6104,8316,0.003395,SCORE
6104,123,0.003340,SCORE
6105,44373,0.020397,SCORE
6105,16936,0.013052,SCORE
6105,143,0.009511,SCORE
6105,856,0.009496,SCORE
6105,1163,0.006465,SCORE
6105,747,0.006325,SCORE
6105,844,0.005880,SCORE
6105,1255,0.005648,SCORE
6105,24,0.005523,SCORE
6105,69279,0.005273,SCORE
6105,8523,0.005176,SCORE
6105,944,0.005133,SCORE
6105,1462,0.004617,SCORE
6105,2574,0.004201,SCORE
6105,849,0.004139,SCORE
6105,211,0.004135,SCORE
6105,95,0.004116,SCORE
6105,2172,0.004116,SCORE
6105,1475,0.003949,SCORE
6105,836,0.003930,SCORE
6105,448,0.003853,SCORE
6105,1342,0.003417,SCORE
6105,68,0.003282,SCORE
6105,2390,0.003221,SCORE
6105,2029,0.003151,SCORE
6105,2164,0.003115,SCORE
6105,385,0.003098,SCORE
6105,1399,0.003000,SCORE
6105,1904,0.002932,SCORE
6105,275,0.002911,SCORE
6106,24,0.039604,SCORE
6106,1815,0.015624,SCORE
6106,448,0.011838,SCORE
6106,175,0.010632,SCORE
6106,120,0.009314,SCORE
6106,2205,0.007165,SCORE
6106,275,0.007049,SCORE
6106,849,0.006263,SCORE
6106,1253,0.005864,SCORE
6106,143,0.004947,SCORE
6106,117,0.004799,SCORE
6106,1234,0.004760,SCORE
6106,942,0.004731,SCORE
6106,4613,0.004418,SCORE
6106,1764,0.004353,SCORE
6106,3812,0.003964,SCORE
6106,2155,0.003937,SCORE
6106,1034,0.003851,SCORE
6106,360,0.003699,SCORE
6106,36756,0.003604,SCORE
6106,18677,0.003601,SCORE
6106,5656,0.003494,SCORE
6106,261,0.003425,SCORE
6106,796,0.003358,SCORE
6106,6863,0.003334,SCORE
6106,9715,0.003136,SCORE
6106,3141,0.002946,SCORE
6106,4727,0.002852,SCORE
6106,5171,0.002777,SCORE
6106,38,0.002701,SCORE
6107,24,0.032185,SCORE
6107,448,0.015734,SCORE
6107,4727,0.015626,SCORE
6107,275,0.015383,SCORE
6107,11275,0.014534,SCORE
6107,16979,0.013579,SCORE
6107,1815,0.012721,SCORE
6107,1764,0.011685,SCORE
6107,261,0.007828,SCORE
6107,175,0.007044,SCORE
6107,817,0.006459,SCORE
6107,38659,0.006372,SCORE
6107,7851,0.005843,SCORE
6107,143,0.005594,SCORE
6107,2138,0.005487,SCORE
6107,120,0.005298,SCORE
6107,21328,0.005263,SCORE
6107,1234,0.004531,SCORE
6107,796,0.004347,SCORE
6107,8420,0.004337,SCORE
6107,84,0.003881,SCORE
6107,126,0.003702,SCORE
6107,34,0.003494,SCORE
6107,1729,0.003445,SCORE
6107,38,0.003259,SCORE
6107,161,0.002966,SCORE
6107,117,0.002959,SCORE
6107,961,0.002919,SCORE
6107,33,0.002910,SCORE
6107,511,0.002838,SCORE
6108,24,0.009059,SCORE
6108,1163,0.007463,SCORE
6108,646,0.006851,SCORE
6108,856,0.006358,SCORE
6108,1010,0.006012,SCORE
6108,448,0.005606,SCORE
6108,275,0.005112,SCORE
6108,849,0.004991,SCORE
6108,95,0.004799,SCORE
6108,120,0.004774,SCORE
6108,1462,0.004521,SCORE
6108,836,0.004338,SCORE
6108,691,0.004241,SCORE
6108,844,0.004122,SCORE
6108,817,0.004095,SCORE
6108,385,0.003957,SCORE
6108,944,0.003752,SCORE
6108,143,0.003749,SCORE
6108,507,0.003566,SCORE
6108,161,0.003466,SCORE
6108,1399,0.003295,SCORE
6108,1334,0.003157,SCORE
6108,834,0.003091,SCORE
6108,211,0.003072,SCORE
6108,3470,0.003056,SCORE
6108,2164,0.002984,SCORE
6108,2817,0.002894,SCORE
6108,68,0.002894,SCORE
6108,2034,0.002784,SCORE
6108,1435,0.002760,SCORE
6109,507,0.010249,SCORE
6109,175,0.009596,SCORE
6109,143,0.009423,SCORE
6109,95,0.007640,SCORE
6109,1690,0.006683,SCORE
6109,24,0.006630,SCORE
6109,1163,0.006320,SCORE
6109,1462,0.005782,SCORE
6109,1255,0.005466,SCORE
6109,275,0.005207,SCORE
6109,1039,0.004974,SCORE
6109,448,0.004961,SCORE
6109,385,0.004523,SCORE
6109,1010,0.003568,SCORE
6109,836,0.003562,SCORE
6109,1093,0.003419,SCORE
6109,1334,0.003368,SCORE
6109,211,0.003161,SCORE
6109,1238,0.003152,SCORE
6109,944,0.003073,SCORE
6109,120,0.002854,SCORE
6109,2817,0.002755,SCORE
6109,2164,0.002728,SCORE
6109,311,0.002691,SCORE
6109,3708,0.002647,SCORE
6109,817,0.002639,SCORE
6109,1399,0.002638,SCORE
6109,849,0.002600,SCORE
6109,2263,0.002544,SCORE
6109,261,0.002503,SCORE
6110,120,0.011012,SCORE
6110,4996,0.009623,SCORE
6110,126,0.009062,SCORE
6110,143,0.008370,SCORE
6110,24,0.006981,SCORE
6110,1492,0.005664,SCORE
6110,448,0.005614,SCORE
6110,275,0.005054,SCORE
6110,1694,0.004992,SCORE
6110,218,0.004559,SCORE
6110,856,0.004470,SCORE
6110,2689,0.004345,SCORE
6110,22976,0.004110,SCORE
6110,839,0.004088,SCORE
6110,2240,0.004068,SCORE
6110,2238,0.004056,SCORE
6110,13,0.003977,SCORE
6110,834,0.003904,SCORE
6110,1668,0.003867,SCORE
6110,1462,0.003858,SCORE
6110,3452,0.003841,SCORE
6110,175,0.003746,SCORE
6110,1132,0.003661,SCORE
6110,824,0.003493,SCORE
6110,1267,0.003472,SCORE
6110,1192,0.003406,SCORE
6110,103,0.003367,SCORE
6110,836,0.003345,SCORE
6110,1163,0.003197,SCORE
6110,5766,0.003122,SCORE
6111,126,0.021744,SCORE
6111,117,0.010578,SCORE
6111,143,0.008512,SCORE
6111,1163,0.007635,SCORE
6111,24,0.007493,SCORE
6111,275,0.007096,SCORE
6111,40252,0.006460,SCORE
6111,7725,0.006427,SCORE
6111,38,0.005361,SCORE
6111,175,0.004880,SCORE
6111,796,0.004628,SCORE
6111,2138,0.004612,SCORE
6111,511,0.004575,SCORE
6111,944,0.004530,SCORE
6111,261,0.004447,SCORE
6111,34011,0.004377,SCORE
6111,3178,0.004261,SCORE
6111,746,0.004062,SCORE
6111,2361,0.004055,SCORE
6111,8704,0.003630,SCORE
6111,468,0.003470,SCORE
6111,268,0.003440,SCORE
6111,981,0.003368,SCORE
6111,4852,0.003362,SCORE
6111,13,0.003151,SCORE
6111,1701,0.003118,SCORE
6111,685,0.002966,SCORE
6111,161,0.002919,SCORE
6111,1502,0.002883,SCORE
6111,21455,0.002708,SCORE
6112,2334,0.024309,SCORE
6112,161,0.012792,SCORE
6112,317,0.009309,SCORE
6112,12050,0.008056,SCORE
6112,111,0.007433,SCORE
6112,24,0.006645,SCORE
6112,2349,0.006534,SCORE
6112,1163,0.006312,SCORE
6112,14984,0.005511,SCORE
6112,2350,0.005367,SCORE
6112,208,0.005334,SCORE
6112,64,0.005216,SCORE
6112,856,0.005174,SCORE
6112,448,0.004825,SCORE
6112,38,0.004608,SCORE
6112,4224,0.004463,SCORE
6112,238,0.004313,SCORE
6112,117,0.004289,SCORE
6112,1027,0.004270,SCORE
6112,1462,0.003879,SCORE
6112,844,0.003837,SCORE
6112,944,0.003789,SCORE
6112,20539,0.003668,SCORE
6112,275,0.003657,SCORE
6112,143,0.003564,SCORE
6112,661,0.003538,SCORE
6112,11103,0.003446,SCORE
6112,1150,0.003414,SCORE
6112,261,0.003203,SCORE
6112,375,0.003128,SCORE
6113,507,0.027236,SCORE
6113,1238,0.015835,SCORE
6113,143,0.012307,SCORE
6113,1255,0.009743,SCORE
6113,836,0.007772,SCORE
6113,860,0.007685,SCORE
6113,2029,0.007585,SCORE
6113,6114,0.007441,SCORE
6113,1462,0.007077,SCORE
6113,1163,0.005976,SCORE
6113,15198,0.005837,SCORE
6113,15791,0.005754,SCORE
6113,95,0.005622,SCORE
6113,385,0.004577,SCORE
6113,1698,0.004452,SCORE
6113,2736,0.004421,SCORE
6113,1027,0.004055,SCORE
6113,12896,0.004007,SCORE
6113,506,0.003812,SCORE
6113,2164,0.003726,SCORE
6113,4117,0.003692,SCORE
6113,24,0.003666,SCORE
6113,1334,0.003538,SCORE
6113,2263,0.003445,SCORE
6113,944,0.003317,SCORE
6113,211,0.003206,SCORE
6113,2817,0.003102,SCORE
6113,18745,0.003095,SCORE
6113,2361,0.003050,SCORE
6113,98,0.003029,SCORE
6114,15198,0.027403,SCORE
6114,507,0.020159,SCORE
6114,1238,0.018685,SCORE
6114,1255,0.011789,SCORE
6114,143,0.011043,SCORE
6114,15791,0.007983,SCORE
6114,1163,0.007469,SCORE
6114,139,0.007446,SCORE
6114,34,0.006388,SCORE
6114,6113,0.005495,SCORE
6114,38,0.005448,SCORE
6114,33,0.005088,SCORE
6114,2969,0.004975,SCORE
6114,944,0.004580,SCORE
6114,24,0.004488,SCORE
6114,1698,0.003970,SCORE
6114,95,0.003910,SCORE
6114,836,0.003803,SCORE
6114,275,0.003674,SCORE
6114,841,0.003671,SCORE
6114,1462,0.003522,SCORE
6114,39029,0.003450,SCORE
6114,2736,0.003366,SCORE
6114,3055,0.003284,SCORE
6114,448,0.003238,SCORE
6114,385,0.003200,SCORE
6114,1010,0.003164,SCORE
6114,23216,0.003095,SCORE
6114,1334,0.003034,SCORE
6114,2029,0.002993,SCORE
6115,24,0.016318,SCORE
6115,175,0.015682,SCORE
6115,24753,0.010382,SCORE
6115,3804,0.008654,SCORE
6115,161,0.006535,SCORE
6115,448,0.006283,SCORE
6115,73,0.006229,SCORE
6115,233,0.005909,SCORE
6115,518,0.005654,SCORE
6115,141,0.005246,SCORE
6115,2356,0.005090,SCORE
6115,120,0.004832,SCORE
6115,6174,0.004654,SCORE
6115,22930,0.004464,SCORE
6115,1472,0.003849,SCORE
6115,977,0.003789,SCORE
6115,38,0.003775,SCORE
6115,44186,0.003756,SCORE
6115,1395,0.003645,SCORE
6115,275,0.003639,SCORE
6115,1218,0.003609,SCORE
6115,1956,0.003535,SCORE
6115,796,0.003413,SCORE
6115,26,0.003299,SCORE
6115,1543,0.003105,SCORE
6115,428,0.003004,SCORE
6115,143,0.002912,SCORE
6115,3807,0.002811,SCORE
6115,3851,0.002810,SCORE
6115,1471,0.002725,SCORE
6116,691,0.009836,SCORE
6116,856,0.008877,SCORE
6116,1132,0.006762,SCORE
6116,1163,0.006690,SCORE
6116,849,0.006491,SCORE
6116,844,0.006378,SCORE
6116,834,0.006324,SCORE
6116,448,0.005945,SCORE
6116,24,0.005517,SCORE
6116,175,0.005476,SCORE
6116,1010,0.005405,SCORE
6116,95,0.004881,SCORE
6116,836,0.004811,SCORE
6116,1462,0.004406,SCORE
6116,1435,0.004331,SCORE
6116,1953,0.004111,SCORE
6116,385,0.004018,SCORE
6116,211,0.003643,SCORE
6116,944,0.003632,SCORE
6116,2164,0.003374,SCORE
6116,507,0.003284,SCORE
6116,1093,0.003195,SCORE
6116,2191,0.003114,SCORE
6116,1071,0.003102,SCORE
6116,1334,0.003077,SCORE
6116,1255,0.002993,SCORE
6116,2370,0.002910,SCORE
6116,143,0.002904,SCORE
6116,330,0.002901,SCORE
6116,311,0.002881,SCORE
6117,1163,0.009947,SCORE
6117,691,0.009575,SCORE
6117,834,0.007843,SCORE
6117,856,0.007309,SCORE
6117,507,0.007043,SCORE
6117,836,0.007009,SCORE
6117,1132,0.006723,SCORE
6117,2164,0.006029,SCORE
6117,1010,0.006004,SCORE
6117,1462,0.005860,SCORE
6117,844,0.005585,SCORE
6117,385,0.005524,SCORE
6117,211,0.005366,SCORE
6117,2420,0.005295,SCORE
6117,24,0.005129,SCORE
6117,1435,0.004991,SCORE
6117,448,0.004863,SCORE
6117,698,0.004833,SCORE
6117,95,0.004785,SCORE
6117,1399,0.004727,SCORE
6117,68,0.004650,SCORE
6117,238,0.004463,SCORE
6117,944,0.004416,SCORE
6117,4117,0.004381,SCORE
6117,2214,0.004357,SCORE
6117,849,0.004348,SCORE
6117,1051,0.004322,SCORE
6117,2817,0.004157,SCORE
6117,311,0.004115,SCORE
6117,1093,0.004092,SCORE
6118,2335,0.029671,SCORE
6118,175,0.027988,SCORE
6118,1482,0.014572,SCORE
6118,30,0.011904,SCORE
6118,796,0.011306,SCORE
6118,275,0.010463,SCORE
6118,32046,0.009958,SCORE
6118,73,0.008013,SCORE
6118,24,0.008010,SCORE
6118,443,0.006924,SCORE
6118,518,0.006236,SCORE
6118,38,0.005705,SCORE
6118,141,0.005480,SCORE
6118,86,0.005010,SCORE
6118,74,0.004511,SCORE
6118,360,0.004391,SCORE
6118,412,0.004024,SCORE
6118,33,0.004016,SCORE
6118,34,0.003978,SCORE
6118,126,0.003962,SCORE
6118,117,0.003959,SCORE
6118,9952,0.003887,SCORE
6118,817,0.003742,SCORE
6118,963,0.003686,SCORE
6118,2804,0.003654,SCORE
6118,746,0.003641,SCORE
6118,511,0.003638,SCORE
6118,261,0.003426,SCORE
6118,1853,0.003073,SCORE
6118,2521,0.003009,SCORE
6119,1051,0.046492,SCORE
6119,5494,0.032716,SCORE
6119,211,0.020388,SCORE
6119,836,0.016813,SCORE
6119,2164,0.015943,SCORE
6119,1214,0.015253,SCORE
6119,311,0.011714,SCORE
6119,691,0.011627,SCORE
6119,1027,0.011010,SCORE
6119,4938,0.010936,SCORE
6119,646,0.010257,SCORE
6119,834,0.010120,SCORE
6119,1435,0.010023,SCORE
6119,677,0.009245,SCORE
6119,856,0.009111,SCORE
6119,2817,0.008985,SCORE
6119,1462,0.008955,SCORE
6119,844,0.007628,SCORE
6119,4117,0.006916,SCORE
6119,1163,0.006031,SCORE
6119,910,0.005768,SCORE
6119,1132,0.005689,SCORE
6119,328,0.005508,SCORE
6119,1800,0.005038,SCORE
6119,1150,0.005001,SCORE
6119,12521,0.004924,SCORE
6119,849,0.004714,SCORE
6119,5585,0.004642,SCORE
6119,521,0.004514,SCORE
6119,448,0.004456,SCORE
6120,1462,0.010436,SCORE
6120,2164,0.009311,SCORE
6120,1163,0.007322,SCORE
6120,691,0.007310,SCORE
6120,211,0.006768,SCORE
6120,24,0.006455,SCORE
6120,1010,0.006393,SCORE
6120,836,0.006248,SCORE
6120,834,0.005423,SCORE
6120,1051,0.005159,SCORE
6120,507,0.005148,SCORE
6120,448,0.005139,SCORE
6120,856,0.004983,SCORE
6120,95,0.004484,SCORE
6120,5771,0.004162,SCORE
6120,385,0.003931,SCORE
6120,1150,0.003929,SCORE
6120,311,0.003849,SCORE
6120,849,0.003708,SCORE
6120,2263,0.003646,SCORE
6120,1334,0.003574,SCORE
6120,1132,0.003488,SCORE
6120,944,0.003441,SCORE
6120,2817,0.003316,SCORE
6120,330,0.003235,SCORE
6120,1027,0.003157,SCORE
6120,1435,0.003087,SCORE
6120,844,0.003075,SCORE
6120,1131,0.002950,SCORE
6120,677,0.002898,SCORE
6121,101,0.026859,SCORE
6121,38,0.019292,SCORE
6121,30,0.007561,SCORE
6121,24,0.007559,SCORE
6121,161,0.006924,SCORE
6121,3949,0.006152,SCORE
6121,1838,0.005972,SCORE
6121,172,0.005475,SCORE
6121,35166,0.005171,SCORE
6121,261,0.004820,SCORE
6121,13,0.004485,SCORE
6121,18595,0.004186,SCORE
6121,1163,0.003805,SCORE
6121,5812,0.003721,SCORE
6121,4617,0.003573,SCORE
6121,275,0.003567,SCORE
6121,13356,0.003392,SCORE
6121,691,0.003205,SCORE
6121,1797,0.003197,SCORE
6121,448,0.003177,SCORE
6121,30764,0.003077,SCORE
6121,1010,0.003033,SCORE
6121,190,0.003029,SCORE
6121,8862,0.003011,SCORE
6121,26,0.002999,SCORE
6121,747,0.002974,SCORE
6121,385,0.002940,SCORE
6121,143,0.002890,SCORE
6121,1399,0.002862,SCORE
6121,26357,0.002854,SCORE
6122,161,0.018325,SCORE
6122,178,0.016580,SCORE
6122,38,0.010163,SCORE
6122,2333,0.009722,SCORE
6122,260,0.007931,SCORE
6122,8631,0.007734,SCORE
6122,261,0.005702,SCORE
6122,8666,0.005427,SCORE
6122,274,0.004569,SCORE
6122,1801,0.004315,SCORE
6122,664,0.004309,SCORE
6122,841,0.003810,SCORE
6122,29,0.003737,SCORE
6122,610,0.003555,SCORE
6122,101,0.003519,SCORE
6122,175,0.003447,SCORE
6122,6156,0.003337,SCORE
6122,14622,0.003337,SCORE
6122,224,0.003334,SCORE
6122,8268,0.003270,SCORE
6122,6663,0.003149,SCORE
6122,1941,0.003080,SCORE
6122,154,0.002691,SCORE
6122,3747,0.002483,SCORE
6122,30,0.002481,SCORE
6122,2187,0.002430,SCORE
6122,3031,0.002407,SCORE
6122,517,0.002344,SCORE
6122,24,0.002297,SCORE
6122,1004,0.002273,SCORE
6123,30,0.011110,SCORE
6123,24,0.009548,SCORE
6123,38,0.008183,SCORE
6123,261,0.006176,SCORE
6123,117,0.005056,SCORE
6123,275,0.004931,SCORE
6123,111,0.004583,SCORE
6123,95,0.004500,SCORE
6123,854,0.004442,SCORE
6123,8037,0.004291,SCORE
6123,817,0.004183,SCORE
6123,73,0.004144,SCORE
6123,175,0.004052,SCORE
6123,200,0.004027,SCORE
6123,101,0.003814,SCORE
6123,48,0.003752,SCORE
6123,24226,0.003618,SCORE
6123,161,0.003526,SCORE
6123,1010,0.003490,SCORE
6123,131,0.003477,SCORE
6123,7,0.003429,SCORE
6123,4829,0.003221,SCORE
6123,839,0.003105,SCORE
6123,2491,0.003019,SCORE
6123,128,0.002977,SCORE
6123,448,0.002927,SCORE
6123,796,0.002872,SCORE
6123,8631,0.002772,SCORE
6123,178,0.002748,SCORE
6123,1163,0.002621,SCORE
6124,233,0.029436,SCORE
6124,6174,0.021918,SCORE
6124,24,0.015985,SCORE
6124,120,0.012983,SCORE
6124,448,0.010708,SCORE
6124,184,0.008551,SCORE
6124,416,0.008324,SCORE
6124,693,0.007558,SCORE
6124,161,0.006290,SCORE
6124,6478,0.006085,SCORE
6124,1492,0.005667,SCORE
6124,128,0.005178,SCORE
6124,15979,0.004514,SCORE
6124,2855,0.004408,SCORE
6124,1010,0.004373,SCORE
6124,1748,0.004155,SCORE
6124,1077,0.004096,SCORE
6124,849,0.004003,SCORE
6124,175,0.003958,SCORE
6124,5358,0.003871,SCORE
6124,275,0.003834,SCORE
6124,718,0.003803,SCORE
6124,3328,0.003714,SCORE
6124,569,0.003140,SCORE
6124,211,0.003065,SCORE
6124,103,0.003064,SCORE
6124,5607,0.003026,SCORE
6124,8248,0.003023,SCORE
6124,978,0.002783,SCORE
6124,456,0.002723,SCORE
6125,38,0.010541,SCORE
6125,16,0.010133,SCORE
6125,2248,0.009950,SCORE
6125,6683,0.009779,SCORE
6125,161,0.009563,SCORE
6125,24,0.009274,SCORE
6125,137,0.009063,SCORE
6125,31946,0.005268,SCORE
6125,275,0.005150,SCORE
6125,3139,0.005101,SCORE
6125,261,0.004841,SCORE
6125,34,0.004615,SCORE
6125,817,0.004427,SCORE
6125,30,0.004345,SCORE
6125,3851,0.004313,SCORE
6125,746,0.004297,SCORE
6125,448,0.004249,SCORE
6125,208,0.003951,SCORE
6125,143,0.003864,SCORE
6125,5512,0.003800,SCORE
6125,73,0.003712,SCORE
6125,103,0.003697,SCORE
6125,5397,0.003612,SCORE
6125,1175,0.003522,SCORE
6125,8055,0.003290,SCORE
6125,4083,0.003242,SCORE
6125,532,0.003219,SCORE
6125,13,0.003173,SCORE
6125,8054,0.003108,SCORE
6125,74,0.002967,SCORE
6126,1163,0.016467,SCORE
6126,944,0.011528,SCORE
6126,856,0.008311,SCORE
6126,2361,0.007669,SCORE
6126,646,0.006202,SCORE
6126,691,0.006195,SCORE
6126,95,0.006141,SCORE
6126,834,0.005827,SCORE
6126,1462,0.005761,SCORE
6126,844,0.005613,SCORE
6126,24,0.005368,SCORE
6126,849,0.005360,SCORE
6126,143,0.005334,SCORE
6126,836,0.005294,SCORE
6126,2034,0.005101,SCORE
6126,68,0.004736,SCORE
6126,448,0.004615,SCORE
6126,385,0.004364,SCORE
6126,1132,0.004259,SCORE
6126,2817,0.004124,SCORE
6126,1399,0.003997,SCORE
6126,211,0.003596,SCORE
6126,507,0.003557,SCORE
6126,1027,0.003512,SCORE
6126,2164,0.003417,SCORE
6126,2491,0.003294,SCORE
6126,4938,0.003049,SCORE
6126,677,0.003023,SCORE
6126,1010,0.003017,SCORE
6126,1435,0.002918,SCORE
6127,58991,0.013333,SCORE
6127,2253,0.011617,SCORE
6127,24,0.009819,SCORE
6127,1253,0.009090,SCORE
6127,143,0.007676,SCORE
6127,1462,0.007374,SCORE
6127,1214,0.007366,SCORE
6127,836,0.007205,SCORE
6127,19126,0.006997,SCORE
6127,29401,0.006671,SCORE
6127,448,0.006581,SCORE
6127,1695,0.006465,SCORE
6127,856,0.006454,SCORE
6127,646,0.006048,SCORE
6127,190,0.005819,SCORE
6127,6132,0.005335,SCORE
6127,748,0.004626,SCORE
6127,68,0.004498,SCORE
6127,2817,0.004344,SCORE
6127,511,0.004190,SCORE
6127,435,0.004089,SCORE
6127,211,0.004087,SCORE
6127,507,0.004074,SCORE
6127,261,0.003964,SCORE
6127,120,0.003933,SCORE
6127,677,0.003788,SCORE
6127,3734,0.003758,SCORE
6127,26,0.003633,SCORE
6127,1027,0.003512,SCORE
6127,741,0.003489,SCORE
6128,1163,0.028188,SCORE
6128,944,0.019381,SCORE
6128,2361,0.018777,SCORE
6128,385,0.014500,SCORE
6128,1138,0.014298,SCORE
6128,24,0.008641,SCORE
6128,1399,0.006722,SCORE
6128,709,0.006347,SCORE
6128,143,0.005993,SCORE
6128,2029,0.005840,SCORE
6128,1698,0.005531,SCORE
6128,631,0.005297,SCORE
6128,1529,0.004427,SCORE
6128,1171,0.004298,SCORE
6128,175,0.004155,SCORE
6128,311,0.003977,SCORE
6128,659,0.003901,SCORE
6128,2378,0.003795,SCORE
6128,507,0.003736,SCORE
6128,1508,0.003360,SCORE
6128,1426,0.003347,SCORE
6128,1462,0.003048,SCORE
6128,2926,0.003033,SCORE
6128,2831,0.002962,SCORE
6128,4450,0.002935,SCORE
6128,26,0.002844,SCORE
6128,4617,0.002825,SCORE
6128,2419,0.002806,SCORE
6128,849,0.002803,SCORE
6128,4722,0.002780,SCORE
6129,1669,0.083184,SCORE
6129,126,0.035840,SCORE
6129,175,0.021318,SCORE
6129,73,0.010528,SCORE
6129,1068,0.009558,SCORE
6129,275,0.009355,SCORE
6129,24,0.008814,SCORE
6129,5928,0.008608,SCORE
6129,1067,0.008042,SCORE
6129,74,0.007783,SCORE
6129,261,0.006527,SCORE
6129,796,0.005951,SCORE
6129,2024,0.005318,SCORE
6129,2027,0.005183,SCORE
6129,141,0.004308,SCORE
6129,1569,0.003904,SCORE
6129,2026,0.003802,SCORE
6129,143,0.003744,SCORE
6129,38,0.003709,SCORE
6129,426,0.003525,SCORE
6129,5399,0.003297,SCORE
6129,2013,0.003272,SCORE
6129,2011,0.003256,SCORE
6129,22,0.003193,SCORE
6129,248,0.003193,SCORE
6129,161,0.003133,SCORE
6129,438,0.003129,SCORE
6129,511,0.003122,SCORE
6129,1853,0.003047,SCORE
6129,117,0.002955,SCORE
